Date,Price,Open,High,Low,Vol.,Change %
11/1/2024,"20,200.00","20,200.00","20,250.00","19,900.00",8.91M,-0.25%
10/31/2024,"20,250.00","20,300.00","20,400.00","20,200.00",5.84M,-0.49%
10/30/2024,"20,350.00","20,700.00","20,750.00","20,300.00",5.43M,-1.69%
10/29/2024,"20,700.00","20,900.00","20,900.00","20,600.00",5.12M,-0.24%
10/28/2024,"20,750.00","20,650.00","20,900.00","20,500.00",6.51M,2.22%
10/25/2024,"20,300.00","20,500.00","20,700.00","20,300.00",5.67M,-0.98%
10/24/2024,"20,500.00","20,450.00","20,700.00","20,250.00",9.57M,0.99%
10/23/2024,"20,300.00","20,250.00","20,500.00","20,200.00",4.67M,0.25%
10/22/2024,"20,250.00","20,300.00","20,600.00","20,100.00",6.64M,-0.74%
10/21/2024,"20,400.00","20,500.00","20,750.00","20,400.00",5.78M,-0.97%
10/18/2024,"20,600.00","20,900.00","20,950.00","20,600.00",5.19M,-0.96%
10/17/2024,"20,800.00","20,500.00","20,800.00","20,250.00",7.68M,1.46%
10/16/2024,"20,500.00","20,800.00","20,950.00","20,500.00",5.28M,-1.44%
10/15/2024,"20,800.00","21,050.00","21,100.00","20,750.00",8.58M,-0.48%
10/14/2024,"20,900.00","21,050.00","21,200.00","20,900.00",5.12M,-0.48%
10/11/2024,"21,000.00","21,000.00","21,100.00","20,850.00",5.85M,0.48%
10/10/2024,"20,900.00","21,400.00","21,550.00","20,900.00",11.53M,-1.88%
10/9/2024,"21,300.00","21,450.00","21,600.00","21,250.00",11.71M,-0.23%
10/8/2024,"21,350.00","21,000.00","21,600.00","20,850.00",16.14M,1.43%
10/7/2024,"21,050.00","21,300.00","21,350.00","20,950.00",6.57M,0.00%
10/4/2024,"21,050.00","20,900.00","21,250.00","20,750.00",10.81M,1.20%
10/3/2024,"20,800.00","21,400.00","21,500.00","20,750.00",21.26M,-2.35%
10/2/2024,"21,300.00","21,250.00","21,600.00","21,150.00",14.42M,0.00%
10/1/2024,"21,300.00","21,600.00","22,000.00","21,300.00",20.60M,0.00%
9/30/2024,"21,300.00","21,200.00","21,500.00","21,100.00",12.82M,1.67%
9/27/2024,"20,950.00","20,850.00","21,300.00","20,800.00",17.45M,0.72%
9/26/2024,"20,800.00","20,750.00","21,000.00","20,600.00",14.20M,0.48%
9/25/2024,"20,700.00","20,500.00","20,950.00","20,400.00",19.78M,2.73%
9/24/2024,"20,150.00","20,000.00","20,300.00","20,000.00",5.44M,0.25%
9/23/2024,"20,100.00","20,400.00","20,600.00","20,100.00",5.48M,-0.99%
9/20/2024,"20,300.00","20,400.00","20,700.00","20,300.00",16.04M,0.50%
9/19/2024,"20,200.00","20,200.00","20,400.00","20,200.00",7.33M,0.50%
9/18/2024,"20,100.00","20,050.00","20,100.00","19,900.00",9.30M,0.50%
9/17/2024,"20,000.00","19,500.00","20,000.00","19,500.00",5.87M,2.04%
9/16/2024,"19,600.00","19,950.00","20,100.00","19,600.00",,-1.75%
9/13/2024,"19,950.00","20,200.00","20,300.00","19,900.00",7.26M,-0.99%
9/12/2024,"20,150.00","20,500.00","20,650.00","20,150.00",4.84M,-0.74%
9/11/2024,"20,300.00","20,100.00","20,450.00","19,950.00",8.51M,1.25%
9/10/2024,"20,050.00","20,750.00","20,750.00","19,950.00",8.32M,-1.72%
9/9/2024,"20,400.00","19,900.00","20,850.00","19,900.00",15.08M,2.51%
9/6/2024,"19,900.00","19,900.00","20,000.00","19,600.00",6.76M,-8.29%
9/5/2024,"21,700.00","20,300.00","21,700.00","19,850.00",14.01M,6.90%
9/4/2024,"20,300.00","20,350.00","20,750.00","20,200.00",11.97M,-2.40%
8/30/2024,"20,800.00","20,900.00","21,050.00","20,750.00",7.76M,0.00%
8/29/2024,"20,800.00","20,950.00","22,000.00","20,800.00",5.84M,-0.48%
8/28/2024,"20,900.00","20,800.00","21,200.00","20,600.00",15.08M,0.48%
8/27/2024,"20,800.00","21,000.00","21,000.00","20,100.00",6.28M,-0.95%
8/26/2024,"21,000.00","21,350.00","21,600.00","20,900.00",13.72M,-0.94%
8/23/2024,"21,200.00","20,750.00","22,000.00","20,400.00",14.31M,2.17%
8/22/2024,"20,750.00","21,050.00","21,350.00","20,600.00",15.11M,-1.43%
8/21/2024,"21,050.00","21,000.00","21,400.00","20,900.00",17.29M,0.96%
8/20/2024,"20,850.00","20,450.00","21,050.00","20,450.00",13.00M,0.97%
8/19/2024,"20,650.00","20,350.00","21,200.00","20,300.00",12.02M,1.47%
8/16/2024,"20,350.00","19,600.00","20,450.00","19,100.00",14.17M,3.83%
8/15/2024,"19,600.00","20,450.00","20,600.00","19,600.00",11.03M,-3.69%
8/14/2024,"20,350.00","21,000.00","21,000.00","20,350.00",5.98M,-1.45%
8/13/2024,"20,650.00","21,300.00","21,300.00","20,400.00",6.84M,-1.67%
8/12/2024,"21,000.00","20,850.00","21,300.00","20,850.00",3.92M,0.72%
8/9/2024,"20,850.00","20,600.00","21,050.00","20,600.00",5.14M,1.21%
8/8/2024,"20,600.00","20,650.00","21,150.00","20,450.00",5.87M,-2.37%
8/7/2024,"21,100.00","20,950.00","21,200.00","20,500.00",5.43M,0.72%
8/6/2024,"20,950.00","20,000.00","20,950.00","20,000.00",9.88M,4.75%
8/5/2024,"20,000.00","21,450.00","21,450.00","20,000.00",14.38M,-6.76%
8/2/2024,"21,450.00","20,400.00","21,550.00","20,400.00",9.85M,2.88%
8/1/2024,"20,850.00","21,800.00","22,000.00","20,650.00",15.12M,-4.36%
7/31/2024,"21,800.00","23,000.00","23,100.00","21,300.00",27.85M,-4.80%
7/30/2024,"22,900.00","23,300.00","23,450.00","22,800.00",6.98M,-1.72%
7/29/2024,"23,300.00","23,400.00","23,700.00","23,200.00",7.24M,0.65%
7/26/2024,"23,150.00","23,000.00","23,150.00","22,850.00",4.70M,1.31%
7/25/2024,"22,850.00","22,700.00","23,150.00","22,650.00",5.99M,-0.22%
7/24/2024,"22,900.00","22,500.00","23,100.00","22,100.00",9.95M,1.33%
7/23/2024,"22,600.00","23,000.00","23,200.00","22,500.00",11.00M,-1.09%
7/22/2024,"22,850.00","23,750.00","23,850.00","22,650.00",13.29M,-3.79%
7/19/2024,"23,750.00","24,250.00","24,250.00","23,650.00",9.44M,-2.66%
7/18/2024,"24,400.00","23,700.00","24,450.00","23,100.00",15.52M,2.95%
7/17/2024,"23,700.00","24,350.00","24,450.00","22,900.00",23.03M,-2.47%
7/16/2024,"24,300.00","24,600.00","24,700.00","24,250.00",8.73M,-1.02%
7/15/2024,"24,550.00","25,000.00","25,050.00","24,400.00",7.45M,-1.41%
7/12/2024,"24,900.00","24,850.00","25,300.00","24,250.00",17.97M,0.20%
7/11/2024,"24,850.00","25,500.00","25,600.00","24,700.00",16.54M,-1.78%
7/10/2024,"25,300.00","25,350.00","26,100.00","25,150.00",27.77M,0.40%
7/9/2024,"25,200.00","25,400.00","25,500.00","24,900.00",12.81M,-0.59%
7/8/2024,"25,350.00","25,050.00","25,800.00","24,950.00",15.83M,1.60%
7/5/2024,"24,950.00","25,000.00","25,200.00","24,650.00",8.41M,0.00%
7/4/2024,"24,950.00","25,100.00","25,450.00","24,650.00",12.08M,0.20%
7/3/2024,"24,900.00","24,950.00","25,200.00","24,850.00",11.40M,0.20%
7/2/2024,"24,850.00","24,500.00","24,850.00","24,300.00",9.31M,1.84%
7/1/2024,"24,400.00","23,900.00","24,550.00","23,800.00",9.11M,2.09%
6/28/2024,"23,900.00","24,700.00","24,750.00","23,500.00",17.22M,-3.82%
6/27/2024,"24,850.00","24,850.00","25,000.00","24,400.00",11.20M,-0.80%
6/26/2024,"25,050.00","25,000.00","25,200.00","24,500.00",15.69M,0.20%
6/25/2024,"25,000.00","24,000.00","25,300.00","23,950.00",21.41M,4.17%
6/24/2024,"24,000.00","24,850.00","25,100.00","23,800.00",27.73M,-4.76%
6/21/2024,"25,200.00","25,200.00","25,600.00","24,750.00",14.59M,0.00%
6/20/2024,"25,200.00","25,200.00","25,450.00","24,550.00",17.86M,0.00%
6/19/2024,"25,200.00","25,100.00","25,750.00","24,950.00",18.62M,0.20%
6/18/2024,"25,150.00","25,600.00","25,600.00","25,000.00",11.39M,0.00%
6/17/2024,"25,150.00","23,700.00","25,150.00","23,500.00",43.65M,6.79%
6/14/2024,"23,550.00","24,300.00","24,900.00","23,550.00",17.40M,-3.48%
6/13/2024,"24,400.00","24,700.00","24,700.00","24,250.00",8.76M,-0.61%
6/12/2024,"24,550.00","24,150.00","24,550.00","23,800.00",11.92M,1.03%
6/11/2024,"24,300.00","24,200.00","24,650.00","24,050.00",16.27M,1.25%
6/10/2024,"24,000.00","23,700.00","24,000.00","23,450.00",17.42M,2.13%
6/7/2024,"23,500.00","23,600.00","23,650.00","23,250.00",9.15M,0.00%
6/6/2024,"23,500.00","23,300.00","24,000.00","23,100.00",15.96M,1.51%
6/5/2024,"23,150.00","23,250.00","23,450.00","23,000.00",12.37M,0.00%
6/4/2024,"23,150.00","22,400.00","23,650.00","22,400.00",31.58M,3.58%
6/3/2024,"22,350.00","22,000.00","22,350.00","21,950.00",11.78M,2.52%
5/31/2024,"21,800.00","21,700.00","21,900.00","21,450.00",6.02M,1.16%
5/30/2024,"21,550.00","21,500.00","21,800.00","21,350.00",7.18M,-1.37%
5/29/2024,"21,850.00","22,200.00","22,400.00","21,750.00",10.03M,-0.91%
5/28/2024,"22,050.00","22,150.00","22,150.00","21,900.00",7.26M,0.23%
5/27/2024,"22,000.00","21,500.00","22,000.00","21,400.00",6.74M,2.09%
5/24/2024,"21,550.00","22,100.00","22,500.00","21,250.00",14.43M,-3.58%
5/23/2024,"22,350.00","21,950.00","22,350.00","21,850.00",14.56M,1.82%
5/22/2024,"21,950.00","21,850.00","22,250.00","21,600.00",15.58M,0.69%
5/21/2024,"21,800.00","21,800.00","21,950.00","21,500.00",7.11M,-0.68%
5/20/2024,"21,950.00","22,000.00","22,150.00","21,800.00",11.47M,0.46%
5/17/2024,"21,850.00","21,500.00","21,850.00","21,300.00",8.79M,1.63%
5/16/2024,"21,500.00","21,550.00","21,700.00","21,450.00",11.87M,1.42%
5/15/2024,"21,200.00","20,900.00","21,400.00","20,900.00",10.13M,1.68%
5/14/2024,"20,850.00","21,100.00","21,200.00","20,800.00",5.14M,-0.71%
5/13/2024,"21,000.00","20,700.00","21,200.00","20,700.00",11.01M,1.69%
5/10/2024,"20,650.00","20,450.00","20,750.00","20,250.00",6.80M,1.23%
5/9/2024,"20,400.00","20,900.00","21,050.00","20,400.00",8.71M,-1.21%
5/8/2024,"20,650.00","20,400.00","20,950.00","20,100.00",7.92M,0.73%
5/7/2024,"20,500.00","20,500.00","20,700.00","20,300.00",5.95M,0.49%
5/6/2024,"20,400.00","20,300.00","20,600.00","20,100.00",6.78M,2.00%
5/3/2024,"20,000.00","20,000.00","20,250.00","19,850.00",6.73M,1.01%
5/2/2024,"19,800.00","19,400.00","19,900.00","19,350.00",3.91M,2.06%
4/26/2024,"19,400.00","19,400.00","19,700.00","19,250.00",3.70M,-1.02%
4/25/2024,"19,600.00","19,700.00","19,700.00","19,400.00",3.27M,-0.25%
4/24/2024,"19,650.00","19,500.00","19,900.00","19,300.00",6.09M,3.42%
4/23/2024,"19,000.00","19,682.10","19,682.10","19,000.00",5.71M,-3.47%
4/22/2024,"19,682.10","19,389.70","19,730.80","19,292.30",6.30M,3.33%
4/19/2024,"19,048.70","19,243.60","19,682.10","18,902.60",13.12M,-2.25%
4/17/2024,"19,487.20","20,461.50","20,461.50","19,487.20",7.27M,-3.61%
4/16/2024,"20,217.90","20,753.80","20,802.60","19,633.30",14.29M,-2.58%
4/15/2024,"20,753.80","22,312.80","22,459.00","20,753.80",19.52M,-6.99%
4/12/2024,"22,312.80","22,410.30","22,605.10","22,166.70",7.55M,0.00%
4/11/2024,"22,312.80","21,923.10","22,800.00","21,825.60",11.74M,1.10%
4/10/2024,"22,069.20","22,410.30","22,459.00","22,069.20",5.24M,-0.88%
4/9/2024,"22,264.10","22,069.20","22,361.50","22,069.20",3.99M,1.11%
4/8/2024,"22,020.50","22,069.20","22,410.30","21,923.10",5.44M,0.00%
4/5/2024,"22,020.50","22,361.50","22,507.70","22,020.50",14.84M,-2.59%
4/4/2024,"22,605.10","22,946.20","23,043.60","22,605.10",10.49M,-1.90%
4/3/2024,"23,043.60","23,530.80","23,579.50","22,994.90",9.88M,-2.07%
4/2/2024,"23,530.80","22,800.00","23,530.80","22,702.60",16.39M,2.33%
4/1/2024,"22,994.90","22,994.90","23,189.70","22,702.60",12.15M,-0.21%
3/29/2024,"23,043.60","23,433.30","23,482.10","23,043.60",9.99M,-1.66%
3/28/2024,"23,433.30","23,579.50","23,579.50","23,141.00",13.64M,-0.21%
3/27/2024,"23,482.10","23,384.60","24,017.90","23,287.20",27.37M,2.55%
3/26/2024,"22,897.40","22,215.40","22,897.40","22,215.40",11.52M,2.17%
3/25/2024,"22,410.30","22,848.70","23,141.00","22,312.80",14.82M,-1.07%
3/22/2024,"22,653.80","22,264.10","22,848.70","22,117.90",31.32M,2.42%
3/21/2024,"22,117.90","21,923.10","22,264.10","21,728.20",14.86M,1.57%
3/20/2024,"21,776.90","21,776.90","21,874.40","21,533.30",6.39M,0.68%
3/19/2024,"21,630.80","21,143.60","22,215.40","20,948.70",17.29M,2.54%
3/18/2024,"21,094.90","21,630.80","21,776.90","20,364.10",16.32M,-2.04%
3/15/2024,"21,533.30","21,630.80","22,117.90","21,484.60",12.99M,-0.67%
3/14/2024,"21,679.50","22,117.90","22,117.90","21,533.30",9.75M,-1.55%
3/13/2024,"22,020.50","21,435.90","22,117.90","21,289.70",11.28M,3.43%
3/12/2024,"21,289.70","21,338.50","21,484.60","21,289.70",11.65M,-0.46%
3/11/2024,"21,387.20","21,825.60","21,874.40","21,338.50",10.56M,-2.01%
3/8/2024,"21,825.60","22,312.80","22,410.30","21,776.90",17.37M,-1.97%
3/7/2024,"22,264.10","22,312.80","22,507.70","22,166.70",9.24M,-0.44%
3/6/2024,"22,361.50","22,897.40","22,897.40","22,069.20",11.58M,-2.34%
3/5/2024,"22,897.40","22,848.70","23,092.30","22,605.10",11.63M,0.21%
3/4/2024,"22,848.70","22,751.30","23,189.70","22,507.70",19.03M,1.74%
3/1/2024,"22,459.00","22,117.90","22,507.70","22,069.20",9.53M,1.32%
2/29/2024,"22,166.70","22,361.50","22,507.70","22,020.50",9.69M,-0.65%
2/28/2024,"22,312.80","22,410.30","22,556.40","22,117.90",8.26M,0.22%
2/27/2024,"22,264.10","21,971.80","22,702.60","21,923.10",16.21M,1.78%
2/26/2024,"21,874.40","21,582.10","21,923.10","21,533.30",8.02M,1.35%
2/23/2024,"21,582.10","22,020.50","22,264.10","21,582.10",12.86M,-1.77%
2/22/2024,"21,971.80","22,117.90","22,215.40","21,971.80",9.09M,-0.66%
2/21/2024,"22,117.90","22,459.00","22,507.70","22,020.50",14.28M,-1.52%
2/20/2024,"22,459.00","22,702.60","22,751.30","22,410.30",8.64M,-1.07%
2/19/2024,"22,702.60","22,751.30","23,043.60","22,312.80",15.25M,-0.21%
2/16/2024,"22,751.30","22,800.00","22,897.40","22,605.10",7.21M,-0.21%
2/15/2024,"22,800.00","22,848.70","23,287.20","22,702.60",11.81M,0.65%
2/7/2024,"22,653.80","22,507.70","22,751.30","22,507.70",7.67M,0.65%
2/6/2024,"22,507.70","22,556.40","22,800.00","22,507.70",7.14M,0.00%
2/5/2024,"22,507.70","22,410.30","22,605.10","22,312.80",6.95M,0.87%
2/2/2024,"22,312.80","22,312.80","22,702.60","22,215.40",10.09M,0.00%
2/1/2024,"22,312.80","22,117.90","22,361.50","22,069.20",7.38M,0.00%
1/31/2024,"22,312.80","22,361.50","22,556.40","22,020.50",13.00M,-1.08%
1/30/2024,"22,556.40","22,264.10","22,556.40","22,020.50",9.39M,1.31%
1/29/2024,"22,264.10","22,848.70","22,897.40","22,215.40",22.50M,-2.97%
1/26/2024,"22,946.20","22,556.40","23,092.30","22,556.40",14.84M,1.95%
1/25/2024,"22,507.70","22,312.80","22,702.60","22,069.20",12.70M,1.09%
1/24/2024,"22,264.10","22,264.10","22,459.00","22,215.40",10.34M,0.00%
1/23/2024,"22,264.10","22,507.70","22,605.10","22,215.40",6.17M,-0.87%
1/22/2024,"22,459.00","22,020.50","22,702.60","21,971.80",25.15M,2.44%
1/19/2024,"21,923.10","22,166.70","22,166.70","21,776.90",8.76M,-0.22%
1/18/2024,"21,971.80","22,069.20","22,361.50","21,825.60",12.37M,-0.22%
1/17/2024,"22,020.50","22,361.50","22,410.30","21,874.40",12.90M,-1.31%
1/16/2024,"22,312.80","21,046.20","22,312.80","20,900.00",19.79M,6.02%
1/15/2024,"21,046.20","21,289.70","21,435.90","21,046.20",5.88M,-0.46%
1/12/2024,"21,143.60","21,241.00","21,533.30","20,948.70",12.53M,-1.81%
1/11/2024,"21,533.30","21,241.00","21,582.10","21,241.00",10.39M,1.84%
1/10/2024,"21,143.60","21,338.50","21,387.20","20,753.80",19.60M,-0.91%
1/9/2024,"21,338.50","21,776.90","21,825.60","21,241.00",16.85M,-2.01%
1/8/2024,"21,776.90","21,874.40","22,020.50","21,679.50",10.81M,0.00%
1/5/2024,"21,776.90","21,874.40","21,971.80","21,582.10",9.18M,-0.45%
1/4/2024,"21,874.40","22,069.20","22,264.10","21,874.40",12.78M,-0.88%
1/3/2024,"22,069.20","21,533.30","22,069.20","21,484.60",7.15M,2.26%
1/2/2024,"21,582.10","22,410.30","22,410.30","21,582.10",12.29M,-2.85%
12/29/2023,"22,215.40","22,117.90","22,215.40","21,971.80",12.87M,0.44%
12/28/2023,"22,117.90","21,874.40","22,215.40","21,825.60",11.73M,1.11%
12/27/2023,"21,874.40","21,582.10","22,020.50","21,582.10",15.15M,1.58%
12/26/2023,"21,533.30","21,387.20","21,679.50","21,289.70",7.15M,0.68%
12/25/2023,"21,387.20","21,094.90","21,825.60","21,094.90",10.85M,1.62%
12/22/2023,"21,046.20","21,192.30","21,338.50","20,851.30",5.30M,-0.69%
12/21/2023,"21,192.30","20,753.80","21,338.50","20,705.10",9.07M,1.16%
12/20/2023,"20,948.70","21,094.90","21,094.90","20,753.80",4.47M,0.00%
12/19/2023,"20,948.70","20,315.40","20,948.70","20,266.70",8.09M,3.61%
12/18/2023,"20,217.90","20,315.40","20,607.70","20,217.90",5.98M,-0.48%
12/15/2023,"20,315.40","20,461.50","20,753.80","20,120.50",9.14M,-0.71%
12/14/2023,"20,461.50","20,753.80","20,802.60","20,364.10",10.13M,-0.47%
12/13/2023,"20,559.00","21,241.00","21,484.60","20,461.50",12.85M,-2.99%
12/12/2023,"21,192.30","21,241.00","21,533.30","21,143.60",6.33M,0.23%
12/11/2023,"21,143.60","21,533.30","21,630.80","21,046.20",8.58M,-1.81%
12/8/2023,"21,533.30","21,825.60","22,556.40","21,435.90",17.01M,-1.56%
12/7/2023,"21,874.40","22,166.70","22,215.40","20,948.70",22.30M,-1.10%
12/6/2023,"22,117.90","21,825.60","22,215.40","21,533.30",10.34M,1.79%
12/5/2023,"21,728.20","21,679.50","22,020.50","21,582.10",12.46M,0.22%
12/4/2023,"21,679.50","21,630.80","22,215.40","21,435.90",20.80M,2.30%
12/1/2023,"21,192.30","21,046.20","21,241.00","20,656.40",9.23M,1.40%
11/30/2023,"20,900.00","21,192.30","21,435.90","20,851.30",10.59M,-1.38%
11/29/2023,"21,192.30","20,753.80","21,241.00","20,607.70",11.68M,2.11%
11/28/2023,"20,753.80","20,169.20","20,753.80","19,633.30",12.19M,3.15%
11/27/2023,"20,120.50","20,461.50","20,607.70","20,023.10",7.22M,-1.43%
11/24/2023,"20,412.80","20,266.70","20,412.80","19,389.70",17.24M,2.19%
11/23/2023,"19,974.40","21,435.90","21,533.30","19,974.40",19.11M,-6.82%
11/22/2023,"21,435.90","21,289.70","21,533.30","21,094.90",12.05M,0.46%
11/21/2023,"21,338.50","21,435.90","22,069.20","21,241.00",15.00M,0.92%
11/20/2023,"21,143.60","20,412.80","21,192.30","20,364.10",10.99M,1.17%
11/17/2023,"20,900.00","21,143.60","21,435.90","20,461.50",19.11M,-0.69%
11/16/2023,"21,046.20","20,851.30","21,046.20","20,510.30",8.56M,0.47%
11/15/2023,"20,948.70","21,825.60","21,825.60","20,900.00",16.29M,-0.92%
11/14/2023,"21,143.60","21,241.00","21,338.50","20,510.30",13.58M,0.93%
11/13/2023,"20,948.70","20,120.50","21,338.50","20,120.50",20.39M,4.12%
11/10/2023,"20,120.50","20,023.10","20,900.00","19,974.40",15.61M,-0.72%
11/9/2023,"20,266.70","20,753.80","20,948.70","20,266.70",13.84M,-1.42%
11/8/2023,"20,559.00","19,146.20","20,559.00","19,097.40",17.84M,6.84%
11/7/2023,"19,243.60","19,292.30","19,584.60","19,097.40",11.77M,-1.25%
11/6/2023,"19,487.20","19,048.70","19,487.20","18,853.80",13.69M,2.83%
11/3/2023,"18,951.30","18,512.80","19,000.00","18,171.80",14.97M,2.91%
11/2/2023,"18,415.40","17,635.90","18,415.40","17,392.30",14.50M,6.78%
11/1/2023,"17,246.20","16,515.40","17,246.20","16,417.90",6.06M,4.12%
10/31/2023,"16,564.10","17,148.70","17,197.40","16,369.20",7.86M,-1.16%
10/30/2023,"16,759.00","17,148.70","17,587.20","16,759.00",6.75M,-2.55%
10/27/2023,"17,197.40","16,271.80","17,197.40","15,833.30",9.35M,6.32%
10/26/2023,"16,174.40","16,905.10","16,953.80","16,174.40",13.91M,-6.74%
10/25/2023,"17,343.60","17,392.30","17,830.80","17,294.90",6.12M,0.56%
10/24/2023,"17,246.20","17,294.90","17,441.00","16,807.70",4.60M,0.00%
10/23/2023,"17,246.20","17,343.60","17,635.90","16,905.10",7.80M,-0.56%
10/20/2023,"17,343.60","16,564.10","17,343.60","16,515.40",7.57M,4.71%
10/19/2023,"16,564.10","16,564.10","16,856.40","15,687.20",10.21M,0.00%
10/18/2023,"16,564.10","17,733.30","17,782.10","16,320.50",19.48M,-5.56%
10/17/2023,"17,538.50","18,415.40","18,805.10","17,538.50",6.70M,-4.25%
10/16/2023,"18,317.90","19,146.20","19,243.60","18,317.90",7.20M,-4.33%
10/13/2023,"19,146.20","18,853.80","19,194.90","18,561.50",5.77M,-0.25%
10/12/2023,"19,194.90","19,389.70","19,730.80","18,902.60",6.72M,0.00%
10/11/2023,"19,194.90","18,853.80","19,194.90","18,659.00",6.70M,2.07%
10/10/2023,"18,805.10","19,097.40","19,292.30","18,805.10",6.95M,-0.26%
10/9/2023,"18,853.80","18,220.50","19,000.00","18,220.50",7.87M,3.20%
10/6/2023,"18,269.20","17,879.50","18,512.80","17,441.00",7.73M,2.18%
10/5/2023,"17,879.50","18,707.70","18,805.10","17,879.50",7.02M,-3.93%
10/4/2023,"18,610.30","17,538.50","19,097.40","17,538.50",12.35M,2.14%
10/3/2023,"18,220.50","19,097.40","19,194.90","18,220.50",18.60M,-6.97%
10/2/2023,"19,584.60","19,633.30","19,974.40","19,389.70",6.92M,0.50%
9/29/2023,"19,487.20","19,974.40","20,023.10","19,341.00",8.45M,-1.48%
9/28/2023,"19,779.50","19,194.90","19,925.60","18,902.60",11.07M,1.50%
9/27/2023,"19,487.20","18,610.30","19,487.20","18,220.50",11.84M,5.26%
9/26/2023,"18,512.80","19,389.70","19,682.10","18,512.80",20.32M,-5.24%
9/25/2023,"19,535.90","20,656.40","21,046.20","19,535.90",17.10M,-6.96%
9/22/2023,"20,997.40","21,874.40","22,020.50","20,997.40",34.49M,-6.91%
9/21/2023,"22,556.40","22,410.30","23,287.20","22,312.80",17.85M,0.00%
9/20/2023,"22,556.40","22,410.30","22,653.80","22,264.10",8.28M,0.65%
9/19/2023,"22,410.30","21,435.90","22,410.30","20,851.30",18.39M,5.50%
9/18/2023,"21,241.00","20,851.30","21,533.30","20,851.30",12.48M,1.87%
9/15/2023,"20,851.30","20,851.30","21,435.90","20,461.50",10.74M,0.47%
9/14/2023,"20,753.80","21,435.90","21,435.90","20,461.50",13.60M,-3.18%
9/13/2023,"21,435.90","21,435.90","22,264.10","21,046.20",16.80M,0.69%
9/12/2023,"21,289.70","20,656.40","21,289.70","20,364.10",15.98M,2.58%
9/11/2023,"20,753.80","21,728.20","21,728.20","20,753.80",15.96M,-3.18%
9/8/2023,"21,435.90","20,948.70","21,728.20","20,900.00",17.24M,2.33%
9/7/2023,"20,948.70","20,997.40","21,241.00","20,802.60",14.74M,0.94%
9/6/2023,"20,753.80","19,438.50","20,753.80","19,097.40",24.08M,6.77%
9/5/2023,"19,438.50","19,633.30","19,974.40","19,243.60",9.75M,-0.25%
8/31/2023,"19,487.20","19,438.50","19,682.10","19,194.90",11.67M,1.52%
8/30/2023,"19,194.90","18,659.00","19,292.30","18,561.50",10.67M,3.14%
8/29/2023,"18,610.30","18,805.10","19,000.00","18,415.40",7.68M,-0.52%
8/28/2023,"18,707.70","18,171.80","18,805.10","18,171.80",13.01M,3.23%
8/25/2023,"18,123.10","18,317.90","18,415.40","18,074.40",10.09M,-0.80%
8/24/2023,"18,269.20","17,830.80","18,269.20","17,587.20",8.28M,2.46%
8/23/2023,"17,830.80","18,171.80","18,171.80","17,830.80",5.14M,-0.54%
8/22/2023,"17,928.20","18,317.90","18,317.90","17,051.30",10.24M,-0.27%
8/21/2023,"17,976.90","18,123.10","18,366.70","17,489.70",11.83M,-0.81%
8/18/2023,"18,123.10","19,341.00","19,389.70","18,123.10",28.23M,-7.00%
8/17/2023,"19,487.20","19,974.40","20,217.90","19,487.20",15.61M,-1.96%
8/16/2023,"19,876.90","20,071.80","20,071.80","19,682.10",7.04M,-0.97%
8/15/2023,"20,071.80","19,682.10","20,169.20","19,389.70",15.15M,2.49%
8/14/2023,"19,584.60","19,438.50","19,828.20","19,438.50",11.48M,1.26%
8/11/2023,"19,341.00","18,366.70","19,389.70","18,171.80",25.03M,5.59%
8/10/2023,"18,317.90","18,512.80","18,707.70","18,269.20",7.96M,-1.57%
8/9/2023,"18,610.30","18,123.10","18,707.70","17,976.90",18.01M,2.14%
8/8/2023,"18,220.50","18,610.30","18,805.10","18,171.80",13.51M,-1.58%
8/7/2023,"18,512.80","18,659.00","18,707.70","18,317.90",11.91M,0.53%
8/4/2023,"18,415.40","18,269.20","18,415.40","18,025.60",9.83M,1.07%
8/3/2023,"18,220.50","18,317.90","18,317.90","17,830.80",15.59M,-0.53%
8/2/2023,"18,317.90","17,928.20","18,415.40","17,879.50",11.52M,1.07%
8/1/2023,"18,123.10","18,707.70","18,707.70","18,123.10",15.38M,-3.38%
7/31/2023,"18,756.40","18,610.30","18,756.40","18,025.60",23.75M,-0.26%
7/28/2023,"18,805.10","18,269.20","18,805.10","18,123.10",21.29M,2.93%
7/27/2023,"18,269.20","18,220.50","18,317.90","17,782.10",16.73M,0.27%
7/26/2023,"18,220.50","17,928.20","18,366.70","17,879.50",14.43M,2.19%
7/25/2023,"17,830.80","17,830.80","18,220.50","17,684.60",15.19M,0.00%
7/24/2023,"17,830.80","17,879.50","18,074.40","17,635.90",12.68M,0.55%
7/21/2023,"17,733.30","17,197.40","17,830.80","17,100.00",19.96M,3.70%
7/20/2023,"17,100.00","16,807.70","17,148.70","16,807.70",11.02M,1.15%
7/19/2023,"16,905.10","16,856.40","17,051.30","16,759.00",13.94M,0.58%
7/18/2023,"16,807.70","17,148.70","17,148.70","16,759.00",15.20M,-2.27%
7/17/2023,"17,197.40","17,441.00","17,489.70","17,051.30",8.73M,-0.56%
7/14/2023,"17,294.90","17,100.00","17,538.50","17,051.30",17.41M,1.43%
7/13/2023,"17,051.30","17,148.70","17,343.60","17,002.60",9.87M,0.29%
7/12/2023,"17,002.60","17,051.30","17,051.30","16,759.00",9.27M,0.00%
7/11/2023,"17,002.60","17,002.60","17,100.00","16,856.40",15.90M,0.00%
7/10/2023,"17,002.60","16,759.00","17,051.30","16,661.50",18.05M,1.45%
7/7/2023,"16,759.00","15,930.80","16,759.00","15,833.30",22.97M,4.88%
7/6/2023,"15,979.50","16,125.60","16,320.50","15,784.60",10.55M,-1.80%
7/5/2023,"16,271.80","16,271.80","16,466.70","16,076.90",18.84M,0.60%
7/4/2023,"16,174.40","15,979.50","16,174.40","15,882.10",9.86M,1.22%
7/3/2023,"15,979.50","16,125.60","16,174.40","15,979.50",5.94M,-0.30%
6/30/2023,"16,028.20","15,979.50","16,125.60","15,882.10",7.42M,0.30%
6/29/2023,"15,979.50","16,466.70","16,515.40","15,979.50",12.39M,-2.38%
6/28/2023,"16,369.20","16,466.70","16,661.50","16,271.80",13.76M,-0.59%
6/27/2023,"16,466.70","16,564.10","16,612.80","16,174.40",14.97M,-0.29%
6/26/2023,"16,515.40","16,661.50","16,759.00","16,076.90",12.39M,0.63%
6/23/2023,"16,412.70","16,507.30","16,696.50","16,318.20",19.38M,-0.29%
6/22/2023,"16,460.00","16,318.20","16,601.90","16,081.70",25.21M,1.46%
6/21/2023,"16,223.60","15,750.60","16,223.60","15,561.40",20.99M,3.31%
6/20/2023,"15,703.30","15,372.20","15,703.30","15,372.20",6.38M,2.15%
6/19/2023,"15,372.20","15,608.70","15,656.00","15,372.20",8.26M,-1.52%
6/16/2023,"15,608.70","15,797.90","16,081.70","15,608.70",23.21M,-0.30%
6/15/2023,"15,656.00","15,845.20","15,939.80","15,466.80",20.10M,-1.49%
6/14/2023,"15,892.50","16,318.20","16,318.20","15,892.50",15.13M,-2.33%
6/13/2023,"16,270.90","15,703.30","16,365.50","15,514.10",29.72M,4.24%
6/12/2023,"15,608.70","15,656.00","15,750.60","15,230.30",17.03M,-0.30%
6/9/2023,"15,656.00","15,419.50","15,703.30","15,372.20",15.32M,1.22%
6/8/2023,"15,466.80","15,845.20","15,987.10","15,466.80",22.91M,-2.39%
6/7/2023,"15,845.20","15,514.10","15,987.10","15,514.10",29.42M,4.04%
6/6/2023,"15,230.30","15,041.10","15,324.90","14,851.90",19.52M,1.58%
6/5/2023,"14,993.80","14,851.90","15,135.70","14,757.30",25.66M,2.26%
6/2/2023,"14,662.70","14,426.20","14,851.90","14,426.20",15.95M,1.97%
6/1/2023,"14,378.90","14,473.50","14,520.80","14,142.40",15.48M,-1.30%
5/31/2023,"14,568.10","14,946.50","14,993.80","14,378.90",37.31M,-2.84%
5/30/2023,"14,993.80","14,946.50","15,135.70","14,757.30",13.75M,0.96%
5/29/2023,"14,851.90","14,662.70","14,851.90","14,520.80",9.88M,2.28%
5/26/2023,"14,520.80","14,757.30","14,757.30","14,378.90",15.34M,-0.97%
5/25/2023,"14,662.70","14,662.70","14,899.20","14,568.10",14.05M,-0.64%
5/24/2023,"14,757.30","15,135.70","15,230.30","14,757.30",16.63M,-2.19%
5/23/2023,"15,088.40","15,277.60","15,419.50","14,993.80",15.36M,-1.24%
5/22/2023,"15,277.60","14,757.30","15,419.50","14,757.30",20.62M,3.86%
5/19/2023,"14,710.00","14,662.70","14,899.20","14,568.10",6.35M,0.65%
5/18/2023,"14,615.40","14,757.30","14,851.90","14,615.40",8.96M,-0.32%
5/17/2023,"14,662.70","14,899.20","14,993.80","14,662.70",12.39M,-1.90%
5/16/2023,"14,946.50","15,135.70","15,230.30","14,851.90",8.57M,-0.63%
5/15/2023,"15,041.10","15,608.70","15,608.70","15,041.10",18.66M,-2.45%
5/12/2023,"15,419.50","15,230.30","15,703.30","15,183.00",15.74M,1.24%
5/11/2023,"15,230.30","15,088.40","15,514.10","15,041.10",17.18M,0.94%
5/10/2023,"15,088.40","15,135.70","15,230.30","14,946.50",9.56M,0.00%
5/9/2023,"15,088.40","14,851.90","15,372.20","14,804.60",18.83M,2.24%
5/8/2023,"14,757.30","14,851.90","14,899.20","14,615.40",8.40M,0.32%
5/5/2023,"14,710.00","14,568.10","14,946.50","14,473.50",11.58M,0.32%
5/4/2023,"14,662.70","14,662.70","14,946.50","14,520.80",9.39M,0.00%
4/28/2023,"14,662.70","14,662.70","14,757.30","14,426.20",8.43M,1.31%
4/27/2023,"14,473.50","14,899.20","14,946.50","14,426.20",10.97M,-2.55%
4/26/2023,"14,851.90","14,142.40","14,851.90","14,000.50",14.02M,5.02%
4/25/2023,"14,142.40","13,905.90","14,378.90","13,905.90",6.98M,2.40%
4/24/2023,"13,811.30","14,095.10","14,237.00","13,622.10",8.54M,-2.34%
4/21/2023,"14,142.40","14,568.10","14,568.10","13,953.20",8.91M,-2.29%
4/20/2023,"14,473.50","14,473.50","14,662.70","14,426.20",3.43M,0.00%
4/19/2023,"14,473.50","14,899.20","14,946.50","14,473.50",5.92M,-2.55%
4/18/2023,"14,851.90","14,851.90","14,946.50","14,757.30",6.22M,0.64%
4/17/2023,"14,757.30","14,520.80","14,899.20","14,520.80",5.16M,1.63%
4/14/2023,"14,520.80","14,473.50","14,804.60","14,378.90",11.00M,1.66%
4/13/2023,"14,284.30","14,757.30","14,851.90","14,189.70",13.05M,-2.89%
4/12/2023,"14,710.00","14,946.50","15,088.40","14,710.00",8.68M,-1.58%
4/11/2023,"14,946.50","14,662.70","15,041.10","14,615.40",10.28M,1.28%
4/10/2023,"14,757.30","15,324.90","15,466.80","14,757.30",23.43M,-3.70%
4/7/2023,"15,324.90","15,514.10","15,656.00","15,088.40",15.34M,-1.22%
4/6/2023,"15,514.10","15,892.50","16,176.30","15,514.10",22.22M,-1.80%
4/5/2023,"15,797.90","15,514.10","15,845.20","15,419.50",16.03M,1.52%
4/4/2023,"15,561.40","15,419.50","15,608.70","15,324.90",14.71M,1.54%
4/3/2023,"15,324.90","15,466.80","15,514.10","15,183.00",13.08M,0.62%
3/31/2023,"15,230.30","15,372.20","15,514.10","14,757.30",26.46M,-0.92%
3/30/2023,"15,372.20","15,892.50","15,987.10","15,324.90",19.51M,-1.81%
3/29/2023,"15,656.00","15,372.20","15,939.80","15,324.90",21.96M,1.85%
3/28/2023,"15,372.20","15,608.70","15,703.30","15,372.20",10.84M,-0.61%
3/27/2023,"15,466.80","15,135.70","15,608.70","14,946.50",18.79M,2.83%
3/24/2023,"15,041.10","15,230.30","15,324.90","15,041.10",9.66M,-0.63%
3/23/2023,"15,135.70","14,757.30","15,277.60","14,757.30",8.60M,0.95%
3/22/2023,"14,993.80","15,419.50","15,419.50","14,993.80",8.97M,-1.55%
3/21/2023,"15,230.30","15,041.10","15,324.90","14,757.30",9.24M,2.55%
3/20/2023,"14,851.90","15,230.30","15,466.80","14,851.90",14.17M,-3.09%
3/17/2023,"15,324.90","15,466.80","15,561.40","15,183.00",16.18M,0.62%
3/16/2023,"15,230.30","15,419.50","15,608.70","15,135.70",16.09M,-2.72%
3/15/2023,"15,656.00","15,135.70","15,656.00","14,993.80",19.32M,6.43%
3/14/2023,"14,710.00","15,324.90","15,324.90","14,520.80",25.91M,-4.01%
3/13/2023,"15,324.90","15,277.60","15,703.30","15,041.10",20.54M,-1.22%
3/10/2023,"15,514.10","15,135.70","15,561.40","14,946.50",26.37M,0.92%
3/9/2023,"15,372.20","15,419.50","15,797.90","15,372.20",28.70M,0.00%
3/8/2023,"15,372.20","15,088.40","15,372.20","15,041.10",18.61M,0.93%
3/7/2023,"15,230.30","14,662.70","15,419.50","14,662.70",25.43M,4.89%
3/6/2023,"14,520.80","14,946.50","15,088.40","14,284.30",11.60M,0.33%
3/3/2023,"14,473.50","14,851.90","15,277.60","14,473.50",25.78M,-1.29%
3/2/2023,"14,662.70","14,757.30","14,993.80","14,520.80",12.45M,-0.32%
3/1/2023,"14,710.00","13,764.00","14,710.00","13,574.80",18.46M,6.87%
2/28/2023,"13,764.00","14,000.50","14,095.10","13,527.50",9.38M,1.04%
2/27/2023,"13,622.10","14,000.50","14,189.70","13,622.10",21.15M,-5.26%
2/24/2023,"14,378.90","14,946.50","15,088.40","14,189.70",14.07M,-3.80%
2/23/2023,"14,946.50","14,331.60","14,946.50","13,716.70",24.60M,5.33%
2/22/2023,"14,189.70","14,662.70","15,514.10","14,189.70",37.81M,-5.06%
2/21/2023,"14,946.50","15,608.70","15,608.70","14,946.50",22.43M,-2.47%
2/20/2023,"15,324.90","14,710.00","15,324.90","14,710.00",22.06M,4.52%
2/17/2023,"14,662.70","14,993.80","15,088.40","14,520.80",17.11M,-2.21%
2/16/2023,"14,993.80","14,473.50","15,041.10","14,189.70",32.90M,4.97%
2/15/2023,"14,284.30","14,047.80","14,520.80","13,905.90",19.34M,1.68%
2/14/2023,"14,047.80","13,622.10","14,284.30","13,574.80",16.19M,3.13%
2/13/2023,"13,622.10","13,385.60","13,622.10","12,865.30",12.30M,0.00%
2/10/2023,"13,622.10","13,432.90","13,811.30","13,149.10",13.05M,1.05%
2/9/2023,"13,480.20","13,669.40","14,000.50","13,385.60",10.24M,-1.38%
2/8/2023,"13,669.40","12,865.30","13,669.40","12,345.00",15.39M,6.64%
2/7/2023,"12,818.00","13,764.00","13,953.20","12,818.00",27.50M,-6.87%
2/6/2023,"13,764.00","13,716.70","13,905.90","13,338.30",10.58M,-1.02%
2/3/2023,"13,905.90","13,764.00","14,189.70","13,622.10",10.52M,1.38%
2/2/2023,"13,716.70","14,047.80","14,189.70","13,669.40",15.68M,-1.02%
2/1/2023,"13,858.60","14,851.90","15,324.90","13,669.40",32.38M,-5.48%
1/31/2023,"14,662.70","14,189.70","14,662.70","14,047.80",16.22M,3.68%
1/30/2023,"14,142.40","14,095.10","14,851.90","13,953.20",17.78M,0.00%
1/27/2023,"14,142.40","13,858.60","14,284.30","13,527.50",14.21M,2.75%
1/19/2023,"13,764.00","13,716.70","14,189.70","13,669.40",16.66M,0.00%
1/18/2023,"13,764.00","14,189.70","14,284.30","13,764.00",15.42M,-0.68%
1/17/2023,"13,858.60","13,149.10","13,858.60","13,101.80",21.17M,6.93%
1/16/2023,"12,959.90","12,534.20","13,149.10","12,250.40",17.68M,4.58%
1/13/2023,"12,392.30","12,770.70","12,818.00","12,392.30",8.27M,-0.76%
1/12/2023,"12,486.90","12,581.50","12,581.50","12,250.40",9.26M,0.76%
1/11/2023,"12,392.30","12,392.30","12,912.60","12,250.40",15.22M,1.95%
1/10/2023,"12,155.80","11,824.70","12,486.90","11,399.10",13.71M,2.80%
1/9/2023,"11,824.70","12,155.80","12,345.00","11,824.70",8.55M,-1.19%
1/6/2023,"11,966.60","12,486.90","12,676.10","11,872.00",13.00M,-4.17%
1/5/2023,"12,486.90","12,013.90","12,486.90","11,682.90",15.29M,4.35%
1/4/2023,"11,966.60","12,108.50","12,203.10","11,824.70",11.16M,2.43%
1/3/2023,"11,682.90","11,020.70","11,682.90","11,020.70",8.99M,6.93%
12/30/2022,"10,926.10","11,068.00","11,304.50","10,878.80",5.83M,0.00%
12/29/2022,"10,926.10","11,162.60","11,446.40","10,831.50",7.70M,-2.94%
12/28/2022,"11,257.20","11,351.80","11,541.00","11,162.60",8.50M,1.28%
12/27/2022,"11,115.30","10,311.20","11,115.30","10,216.60",12.26M,6.82%
12/26/2022,"10,405.80","11,162.60","11,162.60","10,405.80",14.91M,-6.78%
12/23/2022,"11,162.60","11,777.40","11,777.40","11,162.60",14.88M,-5.98%
12/22/2022,"11,872.00","12,581.50","12,770.70","11,730.10",14.19M,-4.56%
12/21/2022,"12,439.60","13,196.40","13,385.60","12,061.20",20.79M,-4.01%
12/20/2022,"12,959.90","12,912.60","13,338.30","12,108.50",31.88M,0.00%
12/19/2022,"12,959.90","13,101.80","13,622.10","12,865.30",26.85M,1.48%
12/16/2022,"12,770.70","11,824.70","12,770.70","11,730.10",34.05M,6.72%
12/15/2022,"11,966.60","11,919.30","12,297.70","11,824.70",10.00M,0.00%
12/14/2022,"11,966.60","12,250.40","12,486.90","11,919.30",14.91M,-0.39%
12/13/2022,"12,013.90","11,399.10","12,013.90","10,926.10",13.27M,5.39%
12/12/2022,"11,399.10","12,297.70","12,628.80","11,399.10",17.62M,-6.95%
12/9/2022,"12,250.40","11,777.40","12,439.60","11,541.00",14.63M,4.44%
12/8/2022,"11,730.10","11,304.50","11,730.10","11,257.20",14.18M,6.90%
12/7/2022,"10,973.40","11,209.90","11,682.90","10,784.20",18.90M,-5.31%
12/6/2022,"11,588.30","12,392.30","12,486.90","11,588.30",25.22M,-6.84%
12/5/2022,"12,439.60","12,155.80","12,439.60","11,919.30",17.21M,6.91%
12/2/2022,"11,635.60","10,642.30","11,635.60","10,547.70",15.73M,6.96%
12/1/2022,"10,878.80","10,878.80","11,351.80","10,689.60",22.47M,2.22%
11/30/2022,"10,642.30","10,311.20","10,784.20","10,027.40",14.06M,3.21%
11/29/2022,"10,311.20","10,311.20","10,595.00","9,601.70",20.06M,3.32%
11/28/2022,"9,980.10","9,743.60","9,980.10","9,649.00",12.77M,7.00%
11/25/2022,"9,327.40","9,176.00","9,327.40","8,892.20",13.23M,6.94%
11/24/2022,"8,721.90","8,031.40","8,721.90","7,993.50",14.22M,6.96%
11/23/2022,"8,154.30","8,693.60","8,986.80","8,107.00",11.27M,-6.30%
11/22/2022,"8,703.00","8,986.80","9,601.70","8,684.10",15.73M,-4.27%
11/21/2022,"9,090.90","8,703.00","9,090.90","8,608.40",11.77M,6.90%
11/18/2022,"8,504.40","8,324.60","8,504.40","8,107.00",22.45M,6.90%
11/17/2022,"7,955.70","7,955.70","7,955.70","7,898.90",5.86M,7.00%
11/16/2022,"7,435.40","6,688.10","7,435.40","6,480.00",11.07M,6.94%
11/15/2022,"6,953.00","6,915.10","7,520.50","6,820.50",13.49M,-3.92%
11/14/2022,"7,236.70","7,284.00","7,615.10","7,132.70",12.27M,-5.56%
11/11/2022,"7,662.40","8,324.60","8,504.40","7,662.40",12.75M,-6.90%
11/10/2022,"8,230.00","8,343.50","8,703.00","8,230.00",16.70M,-6.95%
11/9/2022,"8,844.90","9,109.80","9,554.40","8,608.40",8.37M,-2.91%
11/8/2022,"9,109.80","9,223.30","9,507.10","9,109.80",15.39M,-6.96%
11/7/2022,"9,790.90","10,311.20","10,595.00","9,790.90",12.53M,-6.76%
11/4/2022,"10,500.40","11,115.30","11,209.90","10,500.40",18.67M,-6.72%
11/3/2022,"11,257.20","11,493.70","11,777.40","11,257.20",10.35M,-4.03%
11/2/2022,"11,730.10","11,115.30","11,730.10","11,068.00",14.13M,6.44%
11/1/2022,"11,020.70","11,304.50","11,493.70","10,831.50",11.03M,2.19%
10/31/2022,"10,784.20","10,784.20","11,257.20","10,784.20",22.05M,-6.94%
10/28/2022,"11,588.30","12,581.50","12,676.10","11,588.30",16.71M,-6.84%
10/27/2022,"12,439.60","11,682.90","12,439.60","11,682.90",10.93M,6.91%
10/26/2022,"11,635.60","11,872.00","12,108.50","11,541.00",5.96M,-1.20%
10/25/2022,"11,777.40","11,068.00","11,777.40","10,973.40",17.11M,6.87%
10/24/2022,"11,020.70","11,635.60","11,730.10","11,020.70",14.99M,-6.80%
10/21/2022,"11,824.70","12,770.70","12,770.70","11,824.70",16.61M,-6.72%
10/20/2022,"12,676.10","12,581.50","12,959.90","12,486.90",6.34M,0.75%
10/19/2022,"12,581.50","13,054.50","13,149.10","12,581.50",9.78M,-4.32%
10/18/2022,"13,149.10","13,480.20","13,622.10","13,054.50",9.71M,-1.07%
10/17/2022,"13,291.00","13,054.50","13,338.30","12,770.70",10.09M,-0.71%
10/14/2022,"13,385.60","13,338.30","13,432.90","13,007.20",13.73M,2.17%
10/13/2022,"13,101.80","12,865.30","13,243.70","12,676.10",8.93M,1.84%
10/12/2022,"12,865.30","12,392.30","12,865.30","12,345.00",12.55M,6.67%
10/11/2022,"12,061.20","12,155.80","12,581.50","11,824.70",15.69M,1.19%
10/10/2022,"11,919.30","10,878.80","11,919.30","10,878.80",9.83M,6.78%
10/7/2022,"11,162.60","11,446.40","11,730.10","11,162.60",10.73M,-6.72%
10/6/2022,"11,966.60","12,818.00","12,912.60","11,966.60",8.60M,-6.64%
10/5/2022,"12,818.00","12,723.40","12,959.90","12,486.90",5.04M,3.83%
10/4/2022,"12,345.00","13,243.70","13,338.30","12,345.00",6.98M,-5.43%
10/3/2022,"13,054.50","14,000.50","14,047.80","13,054.50",9.11M,-6.76%
9/30/2022,"14,000.50","13,953.20","14,095.10","13,149.10",7.45M,0.00%
9/29/2022,"14,000.50","14,568.10","14,662.70","14,000.50",4.90M,-1.33%
9/28/2022,"14,189.70","14,237.00","14,615.40","14,047.80",7.66M,-0.66%
9/27/2022,"14,284.30","14,568.10","14,662.70","14,284.30",4.43M,-0.66%
9/26/2022,"14,378.90","14,757.30","15,041.10","14,284.30",8.42M,-6.17%
9/23/2022,"15,324.90","15,419.50","15,656.00","15,135.70",6.59M,-0.92%
9/22/2022,"15,466.80","15,041.10","15,703.30","14,851.90",7.74M,1.55%
9/21/2022,"15,230.30","15,041.10","15,466.80","15,041.10",5.41M,-0.62%
9/20/2022,"15,324.90","15,419.50","15,466.80","14,568.10",7.48M,1.25%
9/19/2022,"15,135.70","16,365.50","16,412.70","15,135.70",17.20M,-6.98%
9/16/2022,"16,270.90","16,885.70","17,074.90","16,270.90",14.31M,-4.97%
9/15/2022,"17,122.20","17,264.10","17,642.50","17,122.20",7.53M,0.00%
9/14/2022,"17,122.20","16,885.70","17,264.10","16,838.40",14.96M,3.43%
9/13/2022,"16,554.60","16,948.80","17,027.60","16,160.50",18.62M,-2.33%
9/12/2022,"16,948.80","17,185.30","17,500.60","16,948.80",14.15M,0.00%
9/9/2022,"16,948.80","16,436.40","16,948.80","15,884.60",16.11M,3.37%
9/8/2022,"16,397.00","17,185.30","17,224.70","16,397.00",13.22M,-3.26%
9/7/2022,"16,948.80","17,579.50","17,697.70","16,948.80",27.52M,-2.71%
9/6/2022,"17,421.80","17,737.10","17,894.80","17,303.50",17.59M,-0.67%
9/5/2022,"17,540.00","16,554.60","17,540.00","16,554.60",31.54M,6.97%
8/31/2022,"16,397.00","16,199.90","16,712.30","16,160.50",10.97M,1.46%
8/30/2022,"16,160.50","16,554.60","16,672.90","16,160.50",8.38M,-0.97%
8/29/2022,"16,318.10","16,397.00","16,554.60","15,845.20",16.55M,-3.05%
8/26/2022,"16,830.60","17,264.10","17,264.10","16,751.70",13.09M,-2.51%
8/25/2022,"17,264.10","17,027.60","17,461.20","16,830.60",17.02M,2.58%
8/24/2022,"16,830.60","16,948.80","17,185.30","16,791.10",11.36M,-0.70%
8/23/2022,"16,948.80","16,397.00","16,948.80","16,397.00",12.47M,3.37%
8/22/2022,"16,397.00","16,081.70","16,633.50","15,924.00",11.26M,1.96%
8/19/2022,"16,081.70","16,633.50","16,830.60","15,963.40",18.24M,-3.32%
8/18/2022,"16,633.50","16,475.80","16,870.00","16,475.80",8.39M,-0.24%
8/17/2022,"16,672.90","17,106.50","17,224.70","16,515.20",17.77M,-2.76%
8/16/2022,"17,145.90","16,988.20","17,815.90","16,948.80",19.96M,0.93%
8/15/2022,"16,988.20","17,264.10","17,421.80","16,948.80",13.88M,-0.69%
8/12/2022,"17,106.50","16,002.80","17,106.50","15,884.60",29.98M,6.90%
8/11/2022,"16,002.80","16,712.30","16,791.10","15,687.50",13.86M,-2.87%
8/10/2022,"16,475.80","16,121.10","16,475.80","15,805.70",16.45M,1.70%
8/9/2022,"16,199.90","16,357.60","16,712.30","16,081.70",12.47M,-0.96%
8/8/2022,"16,357.60","16,239.30","16,515.20","16,002.80",13.58M,1.22%
8/5/2022,"16,160.50","15,687.50","16,318.10","15,608.70",13.62M,3.02%
8/4/2022,"15,687.50","15,845.20","16,081.70","15,451.00",15.54M,1.79%
8/3/2022,"15,411.60","14,268.50","15,411.60","14,229.10",18.81M,6.83%
8/2/2022,"14,426.20","14,347.40","14,780.90","14,268.50",11.93M,1.11%
8/1/2022,"14,268.50","13,362.00","14,268.50","13,322.50",14.63M,6.78%
7/29/2022,"13,362.00","13,519.60","13,716.70","13,322.50",4.89M,-0.29%
7/28/2022,"13,401.40","13,283.10","13,480.20","13,164.90",4.57M,3.03%
7/27/2022,"13,007.20","12,731.30","13,007.20","12,691.90",6.45M,-0.60%
7/26/2022,"13,086.00","13,834.90","13,953.20","13,086.00",12.01M,-5.68%
7/25/2022,"13,874.40","14,189.70","14,229.10","13,795.50",6.09M,-2.76%
7/22/2022,"14,268.50","14,426.20","14,583.80","14,268.50",4.25M,-1.09%
7/21/2022,"14,426.20","14,268.50","14,780.90","14,268.50",11.09M,1.67%
7/20/2022,"14,189.70","14,032.00","14,505.00","13,834.90",11.86M,3.15%
7/19/2022,"13,756.10","13,913.80","13,953.20","13,637.90",4.90M,-1.69%
7/18/2022,"13,992.60","14,465.60","14,505.00","13,953.20",8.45M,-2.47%
7/15/2022,"14,347.40","14,426.20","14,938.60","14,347.40",11.62M,1.11%
7/14/2022,"14,189.70","14,110.90","14,307.90","13,559.00",8.52M,0.56%
7/13/2022,"14,110.90","14,505.00","14,741.50","14,032.00",7.25M,-1.10%
7/12/2022,"14,268.50","14,032.00","14,702.10","13,834.90",9.39M,1.69%
7/11/2022,"14,032.00","14,268.50","14,623.30","13,637.90",8.96M,-2.20%
7/8/2022,"14,347.40","13,874.40","14,465.60","13,795.50",8.47M,5.20%
7/7/2022,"13,637.90","13,677.30","13,834.90","13,322.50",5.78M,0.88%
7/6/2022,"13,519.60","13,322.50","14,347.40","13,164.90",11.75M,-0.29%
7/5/2022,"13,559.00","13,243.70","14,071.40","13,243.70",10.94M,1.78%
7/4/2022,"13,322.50","13,440.80","13,677.30","13,243.70",5.59M,0.00%
7/1/2022,"13,322.50","12,691.90","13,440.80","12,140.10",7.77M,4.97%
6/30/2022,"12,691.90","13,874.40","14,032.00","12,691.90",9.10M,-6.67%
6/29/2022,"13,598.50","12,967.80","13,913.80","12,889.00",7.86M,2.99%
6/28/2022,"13,204.30","13,401.40","13,637.90","13,125.50",5.66M,-1.47%
6/27/2022,"13,401.40","12,691.90","13,401.40","12,337.10",10.22M,6.92%
6/24/2022,"12,534.20","12,061.20","12,770.70","11,943.00",12.72M,4.95%
6/23/2022,"11,943.00","11,982.40","12,021.80","11,588.20",5.23M,0.33%
6/22/2022,"11,903.60","11,509.40","11,903.60","11,312.30",8.25M,6.71%
6/21/2022,"11,154.70","10,878.80","11,943.00","10,878.80",17.05M,-4.07%
6/20/2022,"11,627.70","12,297.70","12,691.90","11,627.70",15.15M,-6.94%
6/17/2022,"12,494.80","12,770.70","13,243.70","12,494.80",13.30M,-6.76%
6/16/2022,"13,401.40","14,268.50","14,307.90","13,204.30",8.11M,-2.58%
6/15/2022,"13,756.10","14,583.80","14,938.60","13,756.10",14.36M,-6.93%
6/14/2022,"14,780.90","15,175.10","15,569.20","14,780.90",15.31M,-6.95%
6/13/2022,"15,884.60","16,278.70","16,554.60","15,884.60",9.52M,-6.93%
6/10/2022,"17,067.00","17,264.10","17,973.60","17,067.00",9.97M,-2.92%
6/9/2022,"17,579.50","16,751.70","17,697.70","16,515.20",11.07M,6.19%
6/8/2022,"16,554.60","16,160.50","16,830.60","16,042.20",8.35M,2.69%
6/7/2022,"16,121.10","16,791.10","16,870.00","15,766.30",9.94M,-4.88%
6/6/2022,"16,948.80","17,382.40","17,658.30","16,751.70",5.71M,-2.71%
6/3/2022,"17,421.80","17,145.90","17,737.10","16,948.80",8.99M,2.08%
6/2/2022,"17,067.00","17,737.10","17,973.60","16,870.00",14.57M,-4.20%
6/1/2022,"17,815.90","17,894.80","18,210.10","17,500.60",11.09M,-0.88%
5/31/2022,"17,973.60","18,131.30","18,170.70","17,815.90",7.42M,-1.08%
5/30/2022,"18,170.70","18,525.40","18,604.30","18,013.00",10.16M,-0.65%
5/27/2022,"18,288.90","17,264.10","18,288.90","17,106.50",19.96M,6.91%
5/26/2022,"17,106.50","16,948.80","17,343.00","16,791.10",8.94M,2.36%
5/25/2022,"16,712.30","15,963.40","16,830.60","15,569.20",12.30M,4.95%
5/24/2022,"15,924.00","16,712.30","16,751.70","15,529.80",14.33M,-4.49%
5/23/2022,"16,672.90","17,145.90","17,500.60","16,397.00",9.41M,-1.63%
5/20/2022,"16,948.80","16,515.20","17,145.90","16,160.50",8.13M,2.63%
5/19/2022,"16,515.20","16,475.80","16,909.40","16,278.70",4.87M,-2.10%
5/18/2022,"16,870.00","16,948.80","17,421.80","16,830.60",6.06M,1.18%
5/17/2022,"16,672.90","14,978.00","16,672.90","14,702.10",15.49M,6.82%
5/16/2022,"15,608.70","16,554.60","17,461.20","15,608.70",13.18M,-6.82%
5/13/2022,"16,751.70","17,737.10","18,288.90","16,751.70",11.99M,-6.80%
5/12/2022,"17,973.60","18,998.40","19,234.90","17,973.60",9.10M,-6.94%
5/11/2022,"19,313.70","19,392.60","19,905.00","18,880.20",7.34M,-0.41%
5/10/2022,"19,392.60","18,131.30","19,589.70","17,934.20",7.50M,1.65%
5/9/2022,"19,077.30","19,786.70","20,417.40","19,077.30",8.62M,-6.92%
5/6/2022,"20,496.20","18,288.90","20,772.10","18,288.90",23.12M,5.48%
5/5/2022,"19,432.00","20,772.10","21,166.30","19,353.20",21.73M,-6.45%
5/4/2022,"20,772.10","21,048.00","21,560.40","20,772.10",19.92M,-6.89%
4/29/2022,"22,309.30","22,309.30","22,742.90","22,269.90",6.38M,-0.18%
4/28/2022,"22,348.80","22,545.80","23,137.10","22,348.80",4.03M,-1.90%
4/27/2022,"22,782.30","22,072.90","22,861.20","21,836.40",5.48M,1.76%
4/26/2022,"22,388.20","21,284.50","22,388.20","20,851.00",9.08M,1.07%
4/25/2022,"22,151.70","23,649.50","24,043.60","22,151.70",9.45M,-6.95%
4/22/2022,"23,807.10","23,886.00","24,280.10","22,861.20",7.07M,0.33%
4/21/2022,"23,728.30","23,018.80","24,122.50","22,545.80",10.58M,0.00%
4/20/2022,"23,728.30","23,728.30","24,437.80","23,649.50",8.02M,-0.66%
4/19/2022,"23,886.00","25,068.50","25,147.30","23,688.90",6.01M,-2.57%
4/18/2022,"24,516.60","26,014.40","26,172.10","24,516.60",9.35M,-6.33%
4/15/2022,"26,172.10","26,250.90","27,157.50","26,172.10",7.20M,0.00%
4/14/2022,"26,172.10","26,290.30","26,881.60","26,053.90",4.94M,0.30%
4/13/2022,"26,093.30","26,053.90","26,408.60","25,383.80",5.36M,0.91%
4/12/2022,"25,856.80","26,723.90","27,039.20","25,856.80",8.68M,-0.15%
4/8/2022,"25,896.20","28,103.50","28,103.50","25,896.20",16.21M,-6.94%
4/7/2022,"27,827.60","28,379.40","28,615.90","27,748.70",6.13M,-1.81%
4/6/2022,"28,340.00","27,906.40","28,931.20","27,906.40",8.44M,0.84%
4/5/2022,"28,103.50","28,182.30","28,497.60","28,064.10",5.29M,0.00%
4/4/2022,"28,103.50","28,458.20","28,497.60","28,064.10",5.55M,-0.28%
4/1/2022,"28,182.30","27,433.40","28,300.60","27,433.40",7.57M,2.14%
3/31/2022,"27,591.10","28,852.40","29,167.70","27,275.70",16.09M,-3.58%
3/30/2022,"28,615.90","29,246.50","29,758.90","28,576.50",13.65M,-3.33%
3/29/2022,"29,601.30","30,074.30","30,074.30","29,522.40",8.27M,-6.03%
3/28/2022,"31,500.00","31,416.70","32,083.30","31,083.30",11.15M,-0.13%
3/25/2022,"31,541.70","31,333.30","32,083.30","30,916.70",12.69M,0.80%
3/24/2022,"31,291.70","31,791.70","31,875.00","31,250.00",10.03M,-1.05%
3/23/2022,"31,625.00","32,500.00","32,750.00","31,625.00",16.11M,-2.19%
3/22/2022,"32,333.30","31,833.30","32,375.00","30,916.70",19.90M,1.57%
3/21/2022,"31,833.30","32,125.00","32,666.70","31,750.00",11.74M,0.92%
3/18/2022,"31,541.70","30,916.70","31,750.00","30,541.70",15.92M,3.27%
3/17/2022,"30,541.70","31,416.70","31,583.30","30,458.30",12.01M,-1.87%
3/16/2022,"31,125.00","31,333.30","31,708.30","30,958.30",8.23M,0.40%
3/15/2022,"31,000.00","31,666.70","32,250.00","30,583.30",15.52M,-2.11%
3/14/2022,"31,666.70","33,750.00","34,000.00","31,666.70",15.83M,-4.16%
3/11/2022,"33,041.70","34,166.70","34,666.70","32,666.70",16.70M,-3.17%
3/10/2022,"34,125.00","34,333.30","35,083.30","33,875.00",13.35M,-1.21%
3/9/2022,"34,541.70","34,250.00","34,958.30","33,125.00",18.25M,2.60%
3/8/2022,"33,666.70","34,750.00","35,333.30","33,458.30",17.87M,-4.83%
3/7/2022,"35,375.00","34,583.30","36,250.00","34,416.70",18.63M,4.04%
3/4/2022,"34,000.00","35,333.30","35,333.30","33,916.70",18.92M,-3.09%
3/3/2022,"35,083.30","33,500.00","35,208.30","33,333.30",25.47M,6.18%
3/2/2022,"33,041.70","32,416.70","33,250.00","32,416.70",14.65M,1.67%
3/1/2022,"32,500.00","33,000.00","34,000.00","32,333.30",26.85M,1.70%
2/28/2022,"31,958.30","30,166.70","31,958.30","30,000.00",26.24M,6.97%
2/25/2022,"29,875.00","30,250.00","30,250.00","29,583.30",6.27M,0.84%
2/24/2022,"29,625.00","30,458.30","30,916.70","29,000.00",10.64M,-2.74%
2/23/2022,"30,458.30","29,833.30","30,750.00","29,791.70",6.60M,2.09%
2/22/2022,"29,833.30","30,000.00","30,375.00","29,208.30",10.87M,-2.59%
2/21/2022,"30,625.00","31,208.30","31,416.70","30,541.70",8.78M,-1.34%
2/18/2022,"31,041.70","30,166.70","31,416.70","30,083.30",11.78M,1.78%
2/17/2022,"30,500.00","30,416.70","31,000.00","30,166.70",5.91M,0.41%
2/16/2022,"30,375.00","30,000.00","30,375.00","29,625.00",6.97M,1.39%
2/15/2022,"29,958.30","30,291.70","30,666.70","29,083.30",11.48M,-0.96%
2/14/2022,"30,250.00","30,458.30","31,666.70","30,250.00",11.70M,-2.16%
2/11/2022,"30,916.70","30,041.70","31,250.00","29,750.00",11.54M,1.92%
2/10/2022,"30,333.30","30,791.70","31,333.30","30,125.00",14.05M,-0.14%
2/9/2022,"30,375.00","28,958.30","30,375.00","28,750.00",10.25M,6.89%
2/8/2022,"28,416.70","26,333.30","28,416.70","26,291.70",8.29M,6.90%
2/7/2022,"26,583.30","25,833.30","26,750.00","25,333.30",4.46M,5.11%
1/28/2022,"25,291.70","25,500.00","25,791.70","25,250.00",3.50M,0.17%
1/27/2022,"25,250.00","26,000.00","26,250.00","25,000.00",5.28M,-1.94%
1/26/2022,"25,750.00","26,083.30","26,416.70","25,750.00",3.65M,0.32%
1/25/2022,"25,666.70","25,000.00","25,750.00","24,583.30",5.54M,2.50%
1/24/2022,"25,041.70","26,875.00","26,875.00","25,041.70",9.24M,-6.97%
1/21/2022,"26,916.70","27,791.70","27,791.70","26,916.70",6.14M,-3.29%
1/20/2022,"27,833.30","27,333.30","28,000.00","26,583.30",5.25M,1.21%
1/19/2022,"27,500.00","27,916.70","28,000.00","27,291.70",3.70M,-0.45%
1/18/2022,"27,625.00","27,750.00","28,333.30","26,000.00",9.12M,0.45%
1/17/2022,"27,500.00","29,458.30","29,625.00","27,500.00",9.96M,-6.91%
1/14/2022,"29,541.70","29,583.30","30,416.70","29,416.70",3.28M,-1.80%
1/13/2022,"30,083.30","29,625.00","30,666.70","29,333.30",8.11M,2.56%
1/12/2022,"29,333.30","28,833.30","29,583.30","28,583.30",7.79M,1.73%
1/11/2022,"28,833.30","29,666.70","29,958.30","28,833.30",5.82M,-2.12%
1/10/2022,"29,458.30","29,750.00","30,333.30","29,416.70",6.29M,0.00%
1/7/2022,"29,458.30","29,666.70","30,208.30","29,333.30",10.11M,-1.26%
1/6/2022,"29,833.30","30,666.70","30,666.70","29,666.70",11.47M,-3.24%
1/5/2022,"30,833.30","31,375.00","31,750.00","30,791.70",7.09M,-1.33%
1/4/2022,"31,250.00","31,458.30","32,000.00","31,166.70",8.69M,0.27%
12/31/2021,"31,166.70","30,750.00","31,541.70","30,583.30",9.69M,1.36%
12/30/2021,"30,750.00","31,000.00","31,125.00","30,500.00",3.85M,0.00%
12/29/2021,"30,750.00","29,916.70","31,125.00","29,708.30",8.87M,2.79%
12/28/2021,"29,916.70","29,250.00","30,208.30","29,083.30",8.73M,1.84%
12/27/2021,"29,375.00","30,000.00","30,000.00","29,250.00",3.29M,-1.26%
12/24/2021,"29,750.00","30,000.00","30,375.00","29,375.00",6.82M,1.71%
12/23/2021,"29,250.00","28,750.00","29,250.00","27,541.70",11.22M,2.18%
12/22/2021,"28,625.00","29,083.30","29,500.00","28,416.70",7.49M,-1.43%
12/21/2021,"29,041.70","29,583.30","29,708.30","28,833.30",10.48M,-2.38%
12/20/2021,"29,750.00","30,000.00","30,500.00","29,666.70",6.47M,-1.11%
12/17/2021,"30,083.30","30,916.70","30,916.70","30,083.30",8.39M,-2.83%
12/16/2021,"30,958.30","31,250.00","31,541.70","30,666.70",5.40M,-0.93%
12/15/2021,"31,250.00","31,625.00","32,083.30","31,250.00",7.04M,-0.27%
12/14/2021,"31,333.30","29,333.30","31,333.30","29,291.70",11.85M,6.97%
12/13/2021,"29,291.70","28,833.30","29,500.00","28,791.70",5.60M,1.88%
12/10/2021,"28,750.00","29,708.30","29,791.70","28,750.00",10.17M,-2.68%
12/9/2021,"29,541.70","29,541.70","30,041.70","29,333.30",4.68M,-0.14%
12/8/2021,"29,583.30","30,666.70","30,666.70","29,541.70",4.67M,-1.66%
12/7/2021,"30,083.30","29,916.70","30,375.00","29,083.30",8.04M,3.44%
12/6/2021,"29,083.30","30,916.70","31,500.00","29,083.30",14.88M,-6.93%
12/3/2021,"31,250.00","32,958.30","32,958.30","31,250.00",9.95M,-4.82%
12/2/2021,"32,833.30","33,083.30","33,166.70","32,708.30",4.01M,0.25%
12/1/2021,"32,750.00","32,958.30","33,416.70","32,666.70",5.44M,-0.63%
11/30/2021,"32,958.30","32,666.70","33,625.00","32,333.30",11.01M,1.67%
11/29/2021,"32,416.70","32,375.00","32,916.70","32,375.00",5.52M,-2.14%
11/26/2021,"33,125.00","32,750.00","33,750.00","32,750.00",9.69M,1.92%
11/25/2021,"32,500.00","31,666.70","32,791.70","31,666.70",9.63M,2.77%
11/24/2021,"31,625.00","32,625.00","32,625.00","31,500.00",11.42M,-2.94%
11/23/2021,"32,583.30","32,166.70","32,791.70","32,083.30",6.14M,1.82%
11/22/2021,"32,000.00","31,250.00","32,583.30","31,250.00",8.81M,2.40%
11/19/2021,"31,250.00","33,166.70","33,250.00","30,958.30",17.73M,-6.02%
11/18/2021,"33,250.00","35,250.00","35,333.30","33,250.00",22.08M,-6.12%
11/17/2021,"35,416.70","35,916.70","36,416.70","35,416.70",8.09M,-1.39%
11/16/2021,"35,916.70","36,166.70","37,000.00","35,875.00",6.11M,-1.37%
11/15/2021,"36,416.70","37,250.00","37,291.70","36,291.70",8.80M,-2.24%
11/12/2021,"37,250.00","36,250.00","37,541.70","36,250.00",7.66M,2.76%
11/11/2021,"36,250.00","36,750.00","37,000.00","35,833.30",17.53M,-2.25%
11/10/2021,"37,083.30","37,833.30","38,041.70","37,000.00",15.61M,-2.52%
11/9/2021,"38,041.70","38,500.00","38,750.00","38,041.70",7.75M,-0.87%
11/8/2021,"38,375.00","38,750.00","39,000.00","38,125.00",8.97M,-0.86%
11/5/2021,"38,708.30","38,416.70","39,166.70","37,750.00",9.63M,1.42%
11/4/2021,"38,166.70","37,500.00","38,500.00","37,083.30",8.92M,1.89%
11/3/2021,"37,458.30","38,333.30","38,500.00","37,083.30",18.19M,-1.86%
11/2/2021,"38,166.70","38,333.30","39,125.00","38,041.70",13.38M,-0.43%
11/1/2021,"38,333.30","39,583.30","39,666.70","38,208.30",20.88M,-2.95%
10/29/2021,"39,500.00","40,250.00","40,333.30","39,041.70",13.77M,-1.25%
10/28/2021,"40,000.00","40,500.00","40,500.00","39,791.70",8.24M,-0.10%
10/27/2021,"40,041.70","39,958.30","40,166.70","39,541.70",8.51M,0.84%
10/26/2021,"39,708.30","38,750.00","39,833.30","38,333.30",11.02M,1.38%
10/25/2021,"39,166.70","40,750.00","40,833.30","39,166.70",18.65M,-4.08%
10/22/2021,"40,833.30","41,375.00","41,375.00","40,666.70",8.40M,-0.81%
10/21/2021,"41,166.70","41,250.00","41,583.30","40,750.00",9.63M,0.41%
10/20/2021,"41,000.00","41,250.00","41,291.70","40,250.00",12.18M,-0.20%
10/19/2021,"41,083.30","41,416.70","41,583.30","40,833.30",11.62M,-1.10%
10/18/2021,"41,541.70","41,750.00","42,750.00","41,333.30",12.92M,0.20%
10/15/2021,"41,458.30","40,541.70","41,916.60","40,541.70",18.02M,2.68%
10/14/2021,"40,375.00","40,083.30","40,666.70","40,000.00",12.12M,0.73%
10/13/2021,"40,083.30","40,416.70","40,666.70","39,875.00",8.43M,-0.52%
10/12/2021,"40,291.70","40,083.30","40,291.70","39,750.00",12.57M,1.05%
10/11/2021,"39,875.00","40,000.00","40,583.30","39,583.30",10.76M,0.42%
10/8/2021,"39,708.30","39,791.70","40,250.00","39,500.00",8.76M,0.10%
10/7/2021,"39,666.70","40,375.00","40,416.70","39,583.30",13.82M,-1.55%
10/6/2021,"40,291.70","40,000.00","40,625.00","39,875.00",8.99M,1.05%
10/5/2021,"39,875.00","40,541.70","40,583.30","39,875.00",12.20M,-1.64%
10/4/2021,"40,541.70","39,500.00","40,708.30","39,291.70",17.53M,4.06%
10/1/2021,"38,958.30","38,416.70","39,416.70","38,375.00",11.34M,0.54%
9/30/2021,"38,750.00","38,375.00","39,333.30","38,375.00",11.60M,1.31%
9/29/2021,"38,250.00","37,916.70","38,750.00","37,916.70",8.98M,-0.22%
9/28/2021,"38,333.30","36,666.70","38,500.00","36,291.70",12.42M,4.55%
9/27/2021,"36,666.70","38,250.00","38,583.30","36,666.70",15.55M,-3.08%
9/24/2021,"37,833.30","38,583.30","39,000.00","37,500.00",14.70M,-2.37%
9/23/2021,"38,750.00","39,000.00","39,625.00","38,333.30",11.60M,-0.21%
9/22/2021,"38,833.30","39,000.00","39,250.00","38,416.70",8.21M,-0.21%
9/21/2021,"38,916.70","36,666.70","39,000.00","36,666.70",21.05M,3.78%
9/20/2021,"37,500.00","39,583.30","39,666.70","37,500.00",25.64M,-4.26%
9/17/2021,"39,166.70","39,166.70","40,250.00","38,875.00",18.94M,0.00%
9/16/2021,"39,166.70","39,250.00","39,916.70","38,458.30",15.46M,0.53%
9/15/2021,"38,958.30","36,333.30","39,000.00","36,125.00",24.58M,6.86%
9/14/2021,"36,458.30","36,375.00","37,041.70","36,375.00",12.05M,-0.11%
9/13/2021,"36,500.00","37,500.00","37,666.70","36,375.00",16.46M,-2.45%
9/10/2021,"37,416.70","37,500.00","37,875.00","36,833.30",14.63M,0.00%
9/9/2021,"37,416.70","36,583.30","37,708.30","36,291.70",21.93M,3.34%
9/8/2021,"36,208.30","35,083.30","36,500.00","34,791.70",21.51M,3.21%
9/7/2021,"35,083.30","36,250.00","36,416.70","35,083.30",20.65M,-1.75%
9/6/2021,"35,708.30","33,750.00","35,708.30","33,708.30",26.75M,6.99%
9/1/2021,"33,375.00","32,625.00","33,666.70","32,625.00",12.53M,0.38%
8/31/2021,"33,250.00","33,583.30","33,750.00","32,583.30",13.13M,0.50%
8/30/2021,"33,083.30","32,083.30","33,166.70","32,000.00",12.95M,3.79%
8/27/2021,"31,875.00","31,416.70","32,041.70","31,083.30",8.97M,0.39%
8/26/2021,"31,750.00","32,458.30","32,500.00","31,583.30",10.46M,-1.55%
8/25/2021,"32,250.00","31,416.70","32,458.30","31,208.30",12.07M,2.93%
8/24/2021,"31,333.30","31,250.00","31,708.30","30,833.30",8.12M,0.27%
8/23/2021,"31,250.00","31,750.00","32,166.70","31,250.00",13.04M,-3.23%
8/20/2021,"32,291.70","33,500.00","33,625.00","31,416.70",27.03M,-4.20%
8/19/2021,"33,708.30","33,375.00","33,833.30","33,291.70",9.71M,1.38%
8/18/2021,"33,250.00","33,125.00","33,875.00","33,000.00",14.13M,0.25%
8/17/2021,"33,166.70","31,958.30","33,250.00","31,958.30",26.28M,4.46%
8/16/2021,"31,750.00","31,666.70","31,958.30","31,291.70",10.09M,1.60%
8/13/2021,"31,250.00","31,250.00","31,416.70","30,291.70",15.82M,-0.13%
8/12/2021,"31,291.70","31,666.70","32,083.30","31,250.00",12.32M,-1.83%
8/11/2021,"31,875.00","32,500.00","32,583.30","31,833.30",10.74M,-1.29%
8/10/2021,"32,291.70","32,666.70","33,000.00","32,083.30",10.86M,-0.13%
8/9/2021,"32,333.30","31,333.30","32,458.30","31,208.30",13.03M,2.11%
8/6/2021,"31,666.70","32,166.70","32,166.70","31,666.70",11.79M,-1.55%
8/5/2021,"32,166.70","31,125.00","32,166.70","30,916.70",12.64M,2.93%
8/4/2021,"31,250.00","30,916.70","31,416.70","30,791.70",12.25M,1.35%
8/3/2021,"30,833.30","31,250.00","31,500.00","30,333.30",21.16M,-1.07%
8/2/2021,"31,166.70","30,750.00","31,791.70","30,666.70",19.81M,0.27%
7/30/2021,"31,083.30","30,750.00","31,333.30","30,666.70",11.55M,1.08%
7/29/2021,"30,750.00","29,958.30","30,958.30","29,916.70",13.24M,2.79%
7/28/2021,"29,916.70","29,500.00","30,250.00","29,500.00",15.09M,0.56%
7/27/2021,"29,750.00","29,416.70","30,083.30","29,083.30",16.75M,3.78%
7/26/2021,"28,666.70","28,833.30","29,166.70","27,833.30",14.56M,-1.57%
7/23/2021,"29,125.00","29,958.30","30,208.30","29,083.30",16.21M,-3.72%
7/22/2021,"30,250.00","29,708.30","30,541.70","29,583.30",15.68M,1.40%
7/21/2021,"29,833.30","30,583.30","30,583.30","29,583.30",18.25M,1.13%
7/20/2021,"29,500.00","27,916.70","29,500.00","27,083.30",19.09M,6.95%
7/19/2021,"27,583.30","28,333.30","28,833.30","27,583.30",14.27M,-6.76%
7/16/2021,"29,583.30","30,000.00","30,333.30","29,333.30",11.57M,-1.39%
7/15/2021,"30,000.00","28,416.70","30,000.00","28,375.00",11.79M,4.65%
7/14/2021,"28,666.70","28,791.70","29,208.30","27,833.30",12.70M,1.33%
7/13/2021,"28,291.70","28,000.00","28,416.70","27,500.00",12.84M,2.88%
7/12/2021,"27,500.00","28,916.70","29,041.70","27,500.00",23.43M,-6.91%
7/9/2021,"29,541.70","30,583.30","31,333.30","28,833.30",18.78M,-4.45%
7/8/2021,"30,916.70","32,541.70","32,666.70","30,750.00",18.97M,-4.63%
7/7/2021,"32,416.70","32,500.00","33,041.70","31,625.00",15.66M,0.52%
7/6/2021,"32,250.00","34,750.00","35,375.00","32,250.00",17.63M,-6.97%
7/5/2021,"34,666.70","35,416.70","35,416.70","34,166.70",11.86M,-1.89%
7/2/2021,"35,333.30","35,833.30","35,833.30","35,250.00",13.12M,-0.47%
7/1/2021,"35,500.00","35,041.70","35,666.70","34,875.00",15.75M,1.67%
6/30/2021,"34,916.70","35,000.00","35,458.30","34,750.00",10.46M,-0.24%
6/29/2021,"35,000.00","35,791.70","35,791.70","34,708.30",11.91M,-1.75%
6/28/2021,"35,625.00","35,416.70","36,125.00","35,208.30",20.38M,3.51%
6/25/2021,"34,416.70","33,875.00","34,541.70","33,250.00",8.57M,1.98%
6/24/2021,"33,750.00","34,291.70","34,583.30","33,583.30",9.15M,-1.58%
6/23/2021,"34,291.70","34,833.30","34,833.30","34,125.00",7.37M,-1.55%
6/22/2021,"34,833.30","35,250.00","35,416.70","34,750.00",10.37M,-0.95%
6/21/2021,"35,166.70","35,750.00","36,166.70","35,000.00",15.06M,-1.86%
6/18/2021,"35,833.30","35,000.00","35,875.00","34,583.30",23.16M,2.87%
6/17/2021,"34,833.30","33,000.00","35,000.00","33,000.00",13.29M,3.21%
6/16/2021,"33,750.00","34,833.30","34,833.30","33,333.30",12.74M,-3.23%
6/15/2021,"34,875.00","34,916.70","35,333.30","34,416.70",12.87M,2.53%
6/14/2021,"34,015.10","34,090.90","34,242.40","33,712.10",13.55M,1.93%
6/11/2021,"33,371.20","32,954.50","33,712.10","32,689.40",12.62M,1.26%
6/10/2021,"32,954.50","32,462.10","33,560.60","32,424.20",13.18M,0.69%
6/9/2021,"32,727.30","32,045.40","33,181.80","31,212.10",17.42M,2.25%
6/8/2021,"32,007.60","34,393.90","34,772.70","32,007.60",19.33M,-6.94%
6/7/2021,"34,393.90","35,227.30","35,606.00","33,712.10",15.11M,-1.52%
6/4/2021,"34,924.20","33,750.00","35,113.60","33,712.10",16.37M,3.60%
6/3/2021,"33,712.10","32,954.50","34,090.90","32,575.70",14.19M,2.77%
6/2/2021,"32,803.00","32,500.00","33,257.60","32,272.70",15.67M,-0.46%
6/1/2021,"32,954.50","33,636.40","34,318.20","32,954.50",14.72M,-0.91%
5/31/2021,"33,257.60","32,424.20","33,257.60","31,742.40",16.35M,6.42%
5/28/2021,"31,250.00","31,022.70","31,439.40","30,530.30",16.55M,2.36%
5/27/2021,"30,530.30","30,227.30","31,363.60","30,189.40",14.91M,0.75%
5/26/2021,"30,303.00","30,606.10","30,909.10","30,113.60",15.61M,-0.50%
5/25/2021,"30,454.50","28,787.90","30,568.20","28,636.40",26.13M,5.79%
5/24/2021,"28,787.90","29,015.10","29,469.70","28,787.90",13.68M,0.26%
5/21/2021,"28,712.10","28,409.10","29,053.00","28,371.20",14.18M,-0.39%
5/20/2021,"28,825.70","28,939.40","29,318.20","28,825.70",17.26M,-1.68%
5/19/2021,"29,318.20","29,431.80","29,848.50","29,166.70",17.57M,0.65%
5/18/2021,"29,128.80","28,939.40","29,697.00","28,787.90",20.17M,2.53%
5/17/2021,"28,409.10","27,727.30","28,674.20","27,121.20",21.26M,1.90%
5/14/2021,"27,878.80","28,409.10","28,787.90","27,689.40",22.91M,-1.60%
5/13/2021,"28,333.30","29,015.10","29,545.40","28,333.30",17.66M,-1.84%
5/12/2021,"28,863.60","28,333.30","28,901.50","28,068.20",19.74M,0.93%
5/11/2021,"28,598.50","29,697.00","30,000.00","28,333.30",34.08M,-3.70%
5/10/2021,"29,697.00","27,916.70","29,697.00","27,803.00",18.63M,6.81%
5/7/2021,"27,803.00","26,174.20","28,143.90","26,174.20",27.56M,5.16%
5/6/2021,"26,439.40","25,151.50","26,818.20","25,113.60",24.70M,4.18%
5/5/2021,"25,378.80","25,643.90","26,136.40","25,378.80",15.69M,-0.30%
5/4/2021,"25,454.50","23,636.40","25,530.30","23,484.80",24.83M,5.83%
4/29/2021,"24,053.00","23,939.40","24,507.60","23,712.10",16.98M,1.44%
4/28/2021,"23,712.10","23,787.90","24,204.50","23,371.20",12.84M,-0.32%
4/27/2021,"23,787.90","22,878.80","24,166.70","22,878.80",14.42M,3.97%
4/26/2021,"22,878.80","22,878.80","23,522.70","22,803.00",13.66M,0.17%
4/23/2021,"22,840.90","22,424.20","22,878.80","22,045.40",12.27M,2.73%
4/22/2021,"22,234.80","23,825.80","24,166.70","22,234.80",14.35M,-6.97%
4/20/2021,"23,901.50","24,659.10","24,734.80","23,712.10",18.63M,-3.07%
4/19/2021,"24,659.10","24,166.70","24,772.70","23,750.00",16.25M,3.50%
4/16/2021,"23,825.80","23,939.40","24,204.50","23,106.10",15.28M,-0.32%
4/15/2021,"23,901.50","22,878.80","24,128.80","22,500.00",22.11M,5.34%
4/14/2021,"22,689.40","21,969.70","22,878.80","21,666.70",12.13M,2.22%
4/13/2021,"22,197.00","22,916.70","23,030.30","22,197.00",13.85M,-3.30%
4/12/2021,"22,954.50","22,954.50","23,068.20","22,840.90",11.54M,0.50%
4/9/2021,"22,840.90","22,386.40","22,954.50","22,348.50",10.82M,2.03%
4/8/2021,"22,386.40","22,310.60","22,537.90","22,159.10",11.32M,1.03%
4/7/2021,"22,159.10","21,590.90","22,348.50","21,477.30",9.50M,2.63%
4/6/2021,"21,590.90","21,742.40","21,969.70","21,590.90",7.49M,-1.21%
4/5/2021,"21,856.10","22,045.40","22,121.20","21,666.70",9.79M,-0.17%
4/2/2021,"21,893.90","22,197.00","22,272.70","21,780.30",11.51M,-0.35%
4/1/2021,"21,969.70","21,931.80","22,083.30","21,742.40",11.74M,2.11%
3/31/2021,"21,515.10","21,136.40","21,704.50","21,060.60",9.16M,1.97%
3/30/2021,"21,098.50","21,136.40","21,136.40","20,795.40",6.99M,0.72%
3/29/2021,"20,947.00","20,909.10","20,984.80","20,681.80",6.99M,1.10%
3/26/2021,"20,719.70","20,606.10","20,947.00","19,772.70",12.04M,0.18%
3/25/2021,"20,681.80","20,795.40","21,022.70","20,454.50",11.32M,0.74%
3/24/2021,"20,530.30","21,363.60","21,628.80","20,530.30",12.97M,-5.24%
3/23/2021,"21,666.70","21,742.40","22,045.40","21,401.50",8.39M,-0.52%
3/22/2021,"21,780.30","22,121.20","22,234.80","21,780.30",7.03M,-1.20%
3/19/2021,"22,045.40","21,742.40","22,348.50","21,666.70",10.45M,1.39%
3/18/2021,"21,742.40","21,742.40","21,893.90","21,590.90",6.60M,1.06%
3/17/2021,"21,515.10","21,590.90","21,742.40","21,439.40",7.89M,0.35%
3/16/2021,"21,439.40","21,439.40","21,590.90","21,212.10",9.06M,0.53%
3/15/2021,"21,325.80","21,515.10","21,628.80","21,325.80",7.87M,-0.18%
3/12/2021,"21,363.60","21,628.80","21,742.40","21,363.60",8.93M,-0.88%
3/11/2021,"21,553.00","21,477.30","21,666.70","21,250.00",9.73M,1.25%
3/10/2021,"21,287.90","21,401.50","21,515.10","20,909.10",10.12M,-0.71%
3/9/2021,"21,439.40","21,590.90","21,931.80","21,439.40",11.95M,-1.91%
3/8/2021,"21,856.10","21,515.10","22,197.00","21,174.20",14.53M,3.22%
3/5/2021,"21,174.20","20,947.00","21,363.60","20,681.80",11.89M,0.90%
3/4/2021,"20,984.80","21,363.60","21,893.90","20,833.30",14.88M,-1.42%
3/3/2021,"21,287.90","21,098.50","21,590.90","20,984.80",14.54M,0.72%
3/2/2021,"21,136.40","21,515.10","21,553.00","21,060.60",14.88M,-0.36%
3/1/2021,"21,212.10","20,606.10","21,325.80","20,378.80",16.80M,5.66%
2/26/2021,"20,075.80","19,242.40","20,189.40","19,242.40",23.04M,2.71%
2/25/2021,"19,545.40","19,583.30","19,659.10","19,318.20",10.54M,0.98%
2/24/2021,"19,356.10","19,734.80","19,886.40","19,280.30",12.43M,-0.58%
2/23/2021,"19,469.70","19,697.00","19,810.60","19,318.20",10.96M,-0.19%
2/22/2021,"19,507.60","19,204.50","19,848.50","19,128.80",18.47M,2.39%
2/19/2021,"19,053.00","18,674.20","19,318.20","18,674.20",10.66M,1.00%
2/18/2021,"18,863.60","19,015.10","19,318.20","18,825.80",14.70M,-2.16%
2/17/2021,"19,280.30","18,674.20","19,318.20","18,598.50",12.81M,6.04%
2/9/2021,"18,181.80","17,878.80","18,295.40","17,575.80",8.48M,2.13%
2/8/2021,"17,803.00","18,257.60","19,053.00","17,045.40",16.57M,-2.08%
2/5/2021,"18,181.80","18,181.80","18,447.00","17,992.40",8.05M,0.42%
2/4/2021,"18,106.10","18,106.10","18,522.70","17,803.00",9.71M,0.00%
2/3/2021,"18,106.10","17,651.50","18,333.30","17,272.70",14.59M,4.60%
2/2/2021,"17,310.60","16,818.20","17,310.60","16,287.90",12.05M,3.86%
2/1/2021,"16,666.70","17,803.00","18,636.40","16,666.70",17.19M,-5.78%
1/29/2021,"17,689.40","15,492.40","17,689.40","15,492.40",22.32M,6.87%
1/28/2021,"16,553.00","16,553.00","17,045.40","16,553.00",17.17M,-6.82%
1/27/2021,"17,765.10","19,090.90","19,507.60","17,765.10",15.31M,-6.76%
1/26/2021,"19,053.00","20,303.00","20,303.00","18,939.40",14.06M,-6.33%
1/25/2021,"20,340.90","20,075.80","20,643.90","19,848.50",11.02M,1.32%
1/22/2021,"20,075.80","19,886.40","20,606.10","19,697.00",13.26M,0.95%
1/21/2021,"19,886.40","19,242.40","19,886.40","18,825.80",16.63M,6.71%
1/20/2021,"18,636.40","18,674.20","18,825.80","17,272.70",9.82M,0.82%
1/19/2021,"18,484.80","19,318.20","19,734.80","17,992.40",14.61M,-4.31%
1/18/2021,"19,318.20","19,318.20","19,886.40","19,318.20",9.29M,0.79%
1/15/2021,"19,166.70","19,015.10","19,318.20","19,015.10",9.05M,1.00%
1/14/2021,"18,977.30","19,128.80","19,166.70","18,825.80",8.32M,-0.79%
1/13/2021,"19,128.80","19,318.20","19,318.20","18,825.80",7.81M,0.60%
1/12/2021,"19,015.10","18,257.60","19,166.70","18,257.60",12.62M,4.15%
1/11/2021,"18,257.60","18,371.20","18,522.70","18,068.20",6.57M,0.00%
1/8/2021,"18,257.60","18,181.80","18,674.20","17,954.50",10.53M,0.00%
1/7/2021,"18,257.60","17,954.50","18,484.80","17,840.90",10.39M,1.69%
1/6/2021,"17,954.50","18,371.20","18,371.20","17,916.70",9.35M,-0.42%
1/5/2021,"18,030.30","18,068.20","18,636.40","17,954.50",9.66M,0.42%
1/4/2021,"17,954.50","17,348.50","17,954.50","17,197.00",13.76M,7.00%
12/31/2020,"16,780.30","16,401.50","16,780.30","16,401.50",8.35M,1.84%
12/30/2020,"16,477.30","16,628.80","16,628.80","16,439.40",6.65M,-0.91%
12/29/2020,"16,628.80","16,666.70","16,893.90","16,590.90",8.61M,-1.13%
12/28/2020,"16,818.20","16,931.80","17,234.80","16,590.90",11.05M,-0.22%
12/25/2020,"16,856.10","16,818.20","16,893.90","16,401.50",8.70M,0.91%
12/24/2020,"16,704.50","17,121.20","17,121.20","15,833.30",17.94M,-1.12%
12/23/2020,"16,893.90","16,931.80","17,424.20","16,704.50",9.66M,1.36%
12/22/2020,"16,666.70","16,401.50","16,780.30","16,212.10",8.99M,1.62%
12/21/2020,"16,401.50","16,818.20","16,818.20","16,098.50",15.69M,-0.46%
12/18/2020,"16,477.30","16,060.60","16,590.90","16,022.70",10.12M,2.84%
12/17/2020,"16,022.70","15,871.20","16,401.50","15,681.80",13.34M,0.95%
12/16/2020,"15,871.20","15,833.30","15,984.80","15,795.40",11.67M,0.24%
12/15/2020,"15,833.30","15,909.10","16,060.60","15,681.80",17.37M,-1.42%
12/14/2020,"16,060.60","15,871.20","16,212.10","15,757.60",13.94M,2.42%
12/11/2020,"15,681.80","15,265.10","15,795.40","15,075.80",13.39M,4.02%
12/10/2020,"15,075.80","15,303.00","15,454.50","14,962.10",20.24M,-1.24%
12/9/2020,"15,265.10","15,265.10","15,416.70","15,037.90",14.12M,0.25%
12/8/2020,"15,227.30","15,151.50","15,416.70","15,000.00",18.94M,2.29%
12/7/2020,"14,886.40","14,090.90","14,886.40","14,015.10",25.86M,6.79%
12/4/2020,"13,939.40","14,242.40","14,280.30","13,825.80",24.83M,-0.81%
12/3/2020,"14,053.00","13,636.40","14,090.90","13,598.50",14.65M,3.34%
12/2/2020,"13,598.50","13,787.90","13,825.80","13,522.70",17.39M,-2.18%
12/1/2020,"13,901.50","13,409.10","14,053.00","13,409.10",14.27M,1.94%
11/30/2020,"13,636.40","14,242.40","14,242.40","13,598.50",11.63M,-2.96%
11/27/2020,"14,053.00","14,166.70","14,280.30","13,901.50",9.74M,0.27%
11/26/2020,"14,015.10","13,598.50","14,015.10","13,522.70",10.28M,2.21%
11/25/2020,"13,712.10","14,166.70","14,318.20","13,712.10",11.12M,-3.21%
11/24/2020,"14,166.70","13,598.50","14,166.70","13,598.50",17.71M,5.65%
11/23/2020,"13,409.10","13,409.10","13,636.40","13,257.60",25.31M,-3.80%
11/20/2020,"13,939.40","14,280.30","14,318.20","13,863.60",21.00M,-2.13%
11/19/2020,"14,242.40","14,242.40","14,431.80","14,053.00",19.79M,-1.31%
11/18/2020,"14,431.80","14,469.70","14,734.80","14,204.50",17.51M,-0.26%
11/17/2020,"14,469.70","13,901.50","14,507.60","13,787.90",15.52M,5.23%
11/16/2020,"13,750.00","13,674.20","13,863.60","13,522.70",19.91M,0.55%
11/13/2020,"13,674.20","13,409.10","13,939.40","13,371.20",12.74M,1.40%
11/12/2020,"13,484.80","13,560.60","13,598.50","13,295.50",8.83M,0.00%
11/11/2020,"13,484.80","13,181.80","13,560.60","13,030.30",21.37M,3.49%
11/10/2020,"13,030.30","13,636.40","13,636.40","12,992.40",18.40M,-2.55%
11/9/2020,"13,371.20","12,954.50","13,409.10","12,840.90",19.95M,4.75%
11/6/2020,"12,765.10","12,310.60","12,840.90","12,234.80",20.08M,4.01%
11/5/2020,"12,272.70","12,462.10","12,613.60","12,272.70",13.29M,-1.52%
11/4/2020,"12,462.10","12,575.80","12,689.40","12,424.20",13.81M,-0.30%
11/3/2020,"12,500.00","12,197.00","12,651.50","12,159.10",27.08M,3.45%
11/2/2020,"12,083.30","11,439.40","12,083.30","11,363.60",20.60M,6.33%
10/30/2020,"11,363.60","11,363.60","11,515.10","11,212.10",11.82M,1.35%
10/29/2020,"11,212.10","11,174.20","11,401.50","11,060.60",11.43M,-1.00%
10/28/2020,"11,325.80","11,553.00","11,590.90","11,287.90",14.62M,-2.61%
10/27/2020,"11,628.80","11,553.00","11,666.70","11,477.30",10.47M,0.66%
10/26/2020,"11,553.00","11,666.70","11,969.70","11,553.00",13.71M,-0.97%
10/23/2020,"11,666.70","11,742.40","11,893.90","11,666.70",14.48M,-0.32%
10/22/2020,"11,704.50","11,553.00","11,742.40","11,477.30",10.92M,1.64%
10/21/2020,"11,515.10","11,969.70","11,969.70","11,439.40",12.21M,-2.56%
10/20/2020,"11,818.20","11,098.50","11,818.20","11,060.60",17.11M,6.48%
10/19/2020,"11,098.50","11,439.40","11,477.30","10,984.80",17.09M,-2.66%
10/16/2020,"11,401.50","11,439.40","11,628.80","11,325.80",14.31M,-0.33%
10/15/2020,"11,439.40","11,590.90","11,704.50","11,401.50",11.07M,0.00%
10/14/2020,"11,439.40","11,666.70","11,704.50","11,363.60",15.84M,-1.63%
10/13/2020,"11,628.80","11,893.90","12,083.30","11,553.00",18.44M,-2.85%
10/12/2020,"11,969.70","12,007.60","12,197.00","11,818.20",19.82M,0.64%
10/9/2020,"11,893.90","12,007.60","12,045.50","11,856.10",7.29M,-0.32%
10/8/2020,"11,931.80","12,121.20","12,197.00","11,856.10",15.87M,-0.32%
10/7/2020,"11,969.70","11,856.10","12,424.20","11,742.40",23.46M,0.32%
10/6/2020,"11,931.80","11,818.20","11,969.70","11,590.90",11.90M,1.94%
10/5/2020,"11,704.50","11,818.20","12,007.60","11,628.80",15.06M,0.00%
10/2/2020,"11,704.50","12,045.50","12,045.50","11,250.00",27.99M,-2.22%
10/1/2020,"11,969.70","12,045.50","12,462.10","11,856.10",14.49M,0.96%
9/30/2020,"11,856.10","11,590.90","12,007.60","11,250.00",20.12M,2.96%
9/29/2020,"11,515.10","12,197.00","12,234.80","11,515.10",30.47M,-5.59%
9/28/2020,"12,197.00","11,553.00","12,310.60","11,553.00",22.34M,5.57%
9/25/2020,"11,553.00","11,363.60","11,666.70","11,212.10",17.97M,2.01%
9/24/2020,"11,325.80","10,643.90","11,439.40","10,606.10",29.65M,5.28%
9/23/2020,"10,757.60","10,871.20","10,909.10","10,643.90",12.87M,0.00%
9/22/2020,"10,757.60","10,454.50","10,947.00","10,416.70",20.40M,2.16%
9/21/2020,"10,530.30","10,947.00","10,984.80","10,530.30",19.30M,-2.11%
9/18/2020,"10,757.60","10,189.40","10,757.60","10,189.40",15.58M,5.58%
9/17/2020,"10,189.40","10,416.70","10,530.30","10,075.80",22.57M,-2.54%
9/16/2020,"10,454.50","9,848.50","10,530.30","9,810.60",27.18M,6.15%
9/15/2020,"9,848.50","9,848.50","10,151.50","9,772.70",22.06M,2.36%
9/14/2020,"9,621.20","9,053.00","9,621.20","9,053.00",34.07M,6.72%
9/11/2020,"9,015.10","8,977.30","9,128.80","8,977.30",10.23M,0.42%
9/10/2020,"8,977.30","9,280.30","9,280.30","8,977.30",9.07M,-1.66%
9/9/2020,"9,128.80","8,712.10","9,242.40","8,712.10",15.02M,3.43%
9/8/2020,"8,825.80","8,787.90","8,863.60","8,674.20",9.27M,0.87%
9/7/2020,"8,750.00","8,977.30","9,015.10","8,750.00",12.80M,-2.53%
9/4/2020,"8,977.30","8,901.50","9,053.00","8,863.60",10.11M,-0.84%
9/3/2020,"9,053.00","9,090.90","9,242.40","8,977.30",19.68M,1.27%
9/1/2020,"8,939.40","8,560.60","8,939.40","8,560.60",19.67M,4.42%
8/31/2020,"8,560.60","8,712.10","8,787.90","8,522.70",9.25M,-0.88%
8/28/2020,"8,636.40","8,901.50","8,901.50","8,636.40",11.68M,-2.15%
8/27/2020,"8,825.80","8,787.90","8,901.50","8,712.10",7.01M,0.43%
8/26/2020,"8,787.90","8,863.60","8,901.50","8,787.90",9.57M,-0.85%
8/25/2020,"8,863.60","8,977.30","9,015.10","8,825.80",9.38M,-0.85%
8/24/2020,"8,939.40","9,015.10","9,053.00","8,863.60",11.72M,1.29%
8/21/2020,"8,825.80","8,712.10","8,825.80","8,674.20",7.83M,1.31%
8/20/2020,"8,712.10","8,750.00","8,825.80","8,598.50",13.59M,-0.43%
8/19/2020,"8,750.00","8,787.90","8,901.50","8,750.00",8.95M,-0.43%
8/18/2020,"8,787.90","8,636.40","8,939.40","8,560.60",14.05M,2.20%
8/17/2020,"8,598.50","8,409.10","8,636.40","8,371.20",8.76M,1.34%
8/14/2020,"8,484.80","8,598.50","8,674.20","8,409.10",11.57M,-1.76%
8/13/2020,"8,636.40","8,598.50","8,712.10","8,560.60",7.74M,1.33%
8/12/2020,"8,522.70","8,674.20","8,712.10","8,409.10",12.22M,-1.32%
8/11/2020,"8,636.40","8,636.40","8,712.10","8,484.80",12.77M,0.00%
8/10/2020,"8,636.40","8,636.40","8,787.90","8,484.80",16.59M,1.79%
8/7/2020,"8,484.80","8,181.80","8,484.80","8,068.20",18.16M,4.67%
8/6/2020,"8,106.10","7,992.40","8,181.80","7,916.70",13.54M,0.47%
8/5/2020,"8,068.20","7,840.90","8,257.60","7,727.30",14.93M,2.90%
8/4/2020,"7,840.90","7,878.80","8,106.10","7,765.10",12.57M,1.97%
8/3/2020,"7,689.40","7,272.70","7,689.40","7,272.70",18.20M,6.84%
7/31/2020,"7,197.00","7,295.50","7,568.20","7,197.00",11.54M,-4.33%
7/30/2020,"7,522.70","7,462.10","7,765.10","7,462.10",7.70M,1.02%
7/29/2020,"7,447.00","7,651.50","7,651.50","7,333.30",18.56M,-5.48%
7/28/2020,"7,878.80","7,462.10","7,878.80","7,409.10",19.94M,7.00%
7/27/2020,"7,363.60","7,651.50","7,803.00","7,363.60",18.14M,-6.99%
7/24/2020,"7,916.70","8,181.80","8,295.50","7,765.10",23.98M,-5.00%
7/23/2020,"8,333.30","8,409.10","8,522.70","8,219.70",10.41M,-1.79%
7/22/2020,"8,484.80","8,636.40","8,674.20","8,484.80",4.69M,-1.32%
7/21/2020,"8,598.50","8,598.50","8,674.20","8,333.30",10.37M,1.34%
7/20/2020,"8,484.80","8,787.90","8,863.60","8,409.10",14.07M,-3.03%
7/17/2020,"8,750.00","8,712.10","8,939.40","8,674.20",8.19M,0.44%
7/16/2020,"8,712.10","8,863.60","8,901.50","8,636.40",13.75M,-1.71%
7/15/2020,"8,863.60","8,977.30","9,090.90","8,863.60",7.62M,-0.85%
7/14/2020,"8,939.40","8,939.40","9,015.10","8,901.50",5.66M,-0.42%
7/13/2020,"8,977.30","9,015.10","9,090.90","8,901.50",11.51M,0.85%
7/10/2020,"8,901.50","8,825.80","9,090.90","8,750.00",8.78M,0.43%
7/9/2020,"8,863.60","8,825.80","8,977.30","8,787.90",7.65M,0.86%
7/8/2020,"8,787.90","8,939.40","9,015.10","8,674.20",13.77M,-1.69%
7/7/2020,"8,939.40","9,090.90","9,242.40","8,939.40",18.52M,-0.84%
7/6/2020,"9,015.10","9,015.10","9,166.70","8,977.30",7.93M,0.42%
7/3/2020,"8,977.30","8,901.50","9,242.40","8,863.60",12.79M,0.85%
7/2/2020,"8,901.50","9,166.70","9,204.50","8,863.60",10.10M,-2.08%
7/1/2020,"9,090.90","8,636.40","9,090.90","8,560.60",10.93M,4.80%
6/30/2020,"8,674.20","9,090.90","9,090.90","8,333.30",26.96M,-2.97%
6/29/2020,"8,939.40","9,090.90","9,318.20","8,787.90",17.00M,-3.67%
6/26/2020,"9,280.30","9,545.50","9,659.10","9,242.40",10.93M,-0.41%
6/25/2020,"9,318.20","8,863.60","9,469.70","8,636.40",24.73M,5.13%
6/24/2020,"8,863.60","9,090.90","9,204.50","8,787.90",20.64M,-1.68%
6/23/2020,"9,015.10","9,318.20","9,431.80","8,863.60",15.96M,-1.65%
6/22/2020,"9,166.70","9,090.90","9,318.20","9,053.00",14.88M,1.68%
6/19/2020,"9,015.10","8,712.10","9,053.00","8,598.50",14.02M,4.85%
6/18/2020,"8,598.50","8,636.40","8,863.60","8,560.60",9.24M,-1.30%
6/17/2020,"8,712.10","8,333.30","8,863.60","8,143.90",21.73M,5.02%
6/16/2020,"8,295.50","8,295.50","8,409.10","8,143.90",10.58M,2.82%
6/15/2020,"8,068.20","8,560.60","8,674.20","7,992.40",17.84M,-3.18%
6/12/2020,"8,333.30","7,424.20","8,333.30","7,424.20",25.98M,6.80%
6/11/2020,"7,803.00","8,257.60","8,674.20","7,803.00",28.38M,-6.79%
6/10/2020,"8,371.20","8,447.00","8,598.50","8,143.90",21.63M,-2.21%
6/9/2020,"8,560.60","8,863.60","9,015.10","8,484.80",17.34M,0.00%
6/8/2020,"8,560.60","8,447.00","8,560.60","8,219.70",19.88M,6.60%
6/5/2020,"8,030.30","7,500.00","8,030.30","7,454.50",21.79M,6.86%
6/4/2020,"7,515.10","7,689.40","7,689.40","7,507.60",12.20M,-0.20%
6/3/2020,"7,530.30","7,431.80","7,568.20","7,287.90",13.30M,1.43%
6/2/2020,"7,424.20","7,545.50","7,568.20","7,424.20",17.89M,-2.97%
6/1/2020,"7,651.50","7,575.80","7,954.50","7,386.40",23.58M,1.30%
5/29/2020,"7,553.00","7,727.30","7,727.30","7,363.60",23.11M,-1.77%
5/28/2020,"7,689.40","7,803.00","7,878.80","7,651.50",11.82M,1.00%
5/27/2020,"7,613.60","7,575.80","7,878.80","7,515.10",21.63M,1.62%
5/26/2020,"7,492.40","7,462.10","7,492.40","7,393.90",13.55M,1.02%
5/25/2020,"7,416.70","7,348.50","7,484.80","7,272.70",9.43M,0.93%
5/22/2020,"7,348.50","7,000.00","7,386.40","6,893.90",13.75M,4.64%
5/21/2020,"7,022.70","7,212.10","7,265.10","6,977.30",18.67M,-2.73%
5/20/2020,"7,219.70","7,197.00","7,469.70","7,197.00",13.45M,-1.75%
5/19/2020,"7,348.50","7,484.80","7,613.60","7,272.70",13.33M,2.54%
5/18/2020,"7,166.70","6,818.20","7,166.70","6,734.80",15.81M,6.89%
5/15/2020,"6,704.50","6,893.90","6,924.20","6,643.90",12.87M,-2.32%
5/14/2020,"6,863.60","6,818.20","7,045.50","6,750.00",13.52M,0.33%
5/13/2020,"6,840.90","6,742.40","6,840.90","6,666.70",16.00M,6.99%
5/12/2020,"6,393.90","5,909.10","6,393.90","5,886.40",18.37M,6.97%
5/11/2020,"5,977.30","5,977.30","6,174.20","5,916.70",11.11M,1.02%
5/8/2020,"5,916.70","6,000.00","6,143.90","5,916.70",10.72M,-1.51%
5/7/2020,"6,007.60","6,212.10","6,257.60","5,954.50",12.36M,-2.34%
5/6/2020,"6,151.50","5,871.20","6,174.20","5,833.30",13.08M,5.45%
5/5/2020,"5,833.30","5,833.30","5,916.70","5,757.60",6.02M,1.99%
5/4/2020,"5,719.70","5,575.80","5,947.00","5,507.60",11.98M,2.72%
4/29/2020,"5,568.20","5,492.40","5,606.10","5,469.70",8.37M,0.00%
4/28/2020,"5,568.20","5,674.20","5,681.80","5,537.90",7.52M,-0.68%
4/27/2020,"5,606.10","5,681.80","5,833.30","5,454.50",10.19M,1.93%
4/24/2020,"5,500.00","5,500.00","5,500.00","5,340.90",27.84M,6.92%
4/23/2020,"5,143.90","5,143.90","5,143.90","5,143.90",2.35M,6.89%
4/22/2020,"4,812.40","4,401.20","4,812.40","4,401.20",8.15M,6.89%
4/21/2020,"4,502.20","4,689.80","4,769.10","4,502.20",16.84M,-6.87%
4/20/2020,"4,834.10","5,050.50","5,064.90","4,805.20",9.79M,-1.18%
4/17/2020,"4,891.80","4,697.00","4,891.80","4,617.60",9.50M,4.31%
4/16/2020,"4,689.80","4,675.30","4,891.80","4,617.60",7.70M,0.62%
4/15/2020,"4,660.90","4,545.50","4,660.90","4,473.30",10.35M,6.95%
4/14/2020,"4,357.90","4,148.60","4,357.90","4,148.60",14.41M,6.90%
4/13/2020,"4,076.50","4,004.30","4,220.80","4,004.30",6.32M,0.89%
4/10/2020,"4,040.40","4,026.00","4,155.80","3,982.70",5.80M,0.00%
4/9/2020,"4,040.40","4,127.00","4,235.20","4,033.20",7.53M,-1.76%
4/8/2020,"4,112.60","3,867.20","4,112.60","3,867.20",5.58M,2.33%
4/7/2020,"4,018.80","4,011.50","4,040.40","3,867.20",5.14M,0.18%
4/6/2020,"4,011.50","3,860.00","4,011.50","3,795.10",8.93M,6.92%
4/3/2020,"3,751.80","3,679.70","3,751.80","3,535.40",7.07M,7.00%
4/1/2020,"3,506.50","3,246.80","3,506.50","3,246.80",5.55M,6.81%
3/31/2020,"3,282.80","3,355.00","3,492.10","3,145.70",6.32M,-2.15%
3/30/2020,"3,355.00","3,463.20","3,463.20","3,355.00",6.58M,-7.00%
3/27/2020,"3,607.50","3,593.10","3,751.80","3,463.20",4.47M,2.04%
3/26/2020,"3,535.40","3,737.40","3,751.80","3,535.40",4.56M,-6.31%
3/25/2020,"3,773.40","3,824.00","3,824.00","3,701.30",3.77M,3.15%
3/24/2020,"3,658.00","3,824.00","3,896.10","3,650.80",6.95M,-6.46%
3/23/2020,"3,910.50","3,975.50","4,026.00","3,910.50",4.97M,-6.87%
3/20/2020,"4,199.10","4,285.70","4,365.10","4,170.30",3.51M,-2.02%
3/19/2020,"4,285.70","4,343.40","4,386.70","4,184.70",4.29M,-3.57%
3/18/2020,"4,444.40","4,545.50","4,567.10","4,408.40",4.74M,-0.49%
3/17/2020,"4,466.10","4,191.90","4,466.10","4,191.90",2.76M,3.17%
3/16/2020,"4,329.00","4,206.30","4,545.50","4,206.30",5.98M,1.69%
3/13/2020,"4,256.90","4,112.60","4,401.20","4,098.10",8.68M,-3.28%
3/12/2020,"4,401.20","4,437.20","4,617.60","4,401.20",11.14M,-6.87%
3/11/2020,"4,725.80","5,108.20","5,151.50","4,718.60",7.36M,-6.83%
3/10/2020,"5,072.10","4,834.10","5,173.20","4,819.60",5.70M,-0.57%
3/9/2020,"5,101.00","5,115.40","5,267.00","5,101.00",6.02M,-6.97%
3/6/2020,"5,483.40","5,519.50","5,548.30","5,483.40",2.74M,-1.30%
3/5/2020,"5,555.60","5,598.80","5,656.60","5,555.60",2.76M,0.00%
3/4/2020,"5,555.60","5,476.20","5,591.60","5,461.80",3.71M,1.45%
3/3/2020,"5,476.20","5,591.60","5,598.80","5,476.20",4.54M,0.00%
3/2/2020,"5,476.20","5,483.40","5,555.60","5,432.90",2.10M,-0.13%
2/28/2020,"5,483.40","5,541.10","5,570.00","5,447.30",6.93M,-2.56%
2/27/2020,"5,627.70","5,627.70","5,656.60","5,570.00",3.27M,0.65%
2/26/2020,"5,591.60","5,620.50","5,656.60","5,541.10",3.07M,-1.65%
2/25/2020,"5,685.40","5,476.20","5,699.90","5,476.20",5.19M,1.41%
2/24/2020,"5,606.10","5,735.90","5,844.20","5,606.10",9.93M,-4.90%
2/21/2020,"5,894.70","6,060.60","6,096.70","5,880.20",4.23M,-2.04%
2/20/2020,"6,017.30","5,815.30","6,017.30","5,815.30",9.22M,3.47%
2/19/2020,"5,815.30","5,887.40","5,894.70","5,815.30",3.36M,-0.98%
2/18/2020,"5,873.00","5,865.80","5,937.90","5,822.50",6.64M,0.12%
2/17/2020,"5,865.80","5,844.20","5,916.30","5,822.50",4.09M,0.87%
2/14/2020,"5,815.30","5,685.40","5,815.30","5,663.80",5.45M,2.28%
2/13/2020,"5,685.40","5,692.60","5,692.60","5,562.80",7.28M,0.00%
2/12/2020,"5,685.40","5,663.80","5,779.20","5,663.80",7.27M,0.51%
2/11/2020,"5,656.60","5,880.20","5,880.20","5,656.60",9.60M,-2.24%
2/10/2020,"5,786.40","5,772.00","5,894.70","5,714.30",5.04M,-1.23%
2/7/2020,"5,858.60","5,959.60","6,017.30","5,829.70",5.95M,-1.69%
2/6/2020,"5,959.60","5,829.70","6,002.90","5,779.20",6.14M,2.87%
2/5/2020,"5,793.60","5,772.00","5,829.70","5,750.40",4.21M,1.01%
2/4/2020,"5,735.90","5,937.90","5,988.50","5,721.50",7.48M,-3.40%
2/3/2020,"5,937.90","5,627.70","5,988.50","5,497.80",12.30M,0.98%
1/31/2020,"5,880.20","6,248.20","6,291.50","5,880.20",11.91M,-5.89%
1/30/2020,"6,248.20","6,349.20","6,406.90","6,168.80",11.52M,-3.56%
1/22/2020,"6,479.10","6,168.80","6,558.40","6,132.80",12.35M,5.03%
1/21/2020,"6,168.80","6,024.50","6,197.70","6,010.10",5.55M,3.01%
1/20/2020,"5,988.50","6,060.60","6,075.00","5,930.70",7.01M,-1.66%
1/17/2020,"6,089.50","6,147.20","6,219.30","5,988.50",6.15M,-0.94%
1/16/2020,"6,147.20","6,132.80","6,204.90","6,096.70",6.42M,0.83%
1/15/2020,"6,096.70","5,909.10","6,132.80","5,894.70",12.62M,4.32%
1/14/2020,"5,844.20","5,728.70","5,858.60","5,656.60",4.96M,2.02%
1/13/2020,"5,728.70","5,873.00","5,945.20","5,714.30",5.91M,-1.85%
1/10/2020,"5,836.90","5,880.20","5,952.40","5,836.90",5.03M,0.00%
1/9/2020,"5,836.90","5,743.10","5,952.40","5,743.10",6.68M,2.79%
1/8/2020,"5,678.20","5,663.80","5,735.90","5,591.60",5.05M,-0.76%
1/7/2020,"5,721.50","5,786.40","5,858.60","5,714.30",3.20M,-1.12%
1/6/2020,"5,786.40","5,772.00","5,880.20","5,692.60",6.59M,0.50%
1/3/2020,"5,757.60","5,916.30","5,923.50","5,743.10",4.20M,-2.56%
1/2/2020,"5,909.10","5,598.80","5,909.10","5,591.60",4.55M,4.87%
